HSD3B1,ENSSSCG00000006719,4,-1,111555566,111564192,170,111564023
HSD3B1,ENSSSCG00000006719,4,-1,111555566,111564192,245,111563948
HSD3B1,ENSSSCG00000006719,4,-1,111555566,111564192,280,111563913
HSD3B1,ENSSSCG00000006719,4,-1,111555566,111564192,423,111563770
HSD3B1,ENSSSCG00000006719,4,-1,111555566,111564192,424,111563769
HSD3B1,ENSSSCG00000006719,4,-1,111555566,111564192,451,111563742
HSD3B1,ENSSSCG00000006719,4,-1,111555566,111564192,608,111563585
HSD3B1,ENSSSCG00000006719,4,-1,111555566,111564192,625,111563568
HSD3B1,ENSSSCG00000006719,4,-1,111555566,111564192,700,111563493
HSD3B1,ENSSSCG00000006719,4,-1,111555566,111564192,744,111563449
HSD3B1,ENSSSCG00000006719,4,-1,111555566,111564192,774,111563419
HSD3B1,ENSSSCG00000006719,4,-1,111555566,111564192,783,111563410
HSD3B1,ENSSSCG00000006719,4,-1,111555566,111564192,789,111563404
HSD3B1,ENSSSCG00000006719,4,-1,111555566,111564192,795,111563398
HSD3B1,ENSSSCG00000006719,4,-1,111555566,111564192,796,111563397
HSD3B1,ENSSSCG00000006719,4,-1,111555566,111564192,808,111563385
HSD3B1,ENSSSCG00000006719,4,-1,111555566,111564192,825,111563368
HSD3B1,ENSSSCG00000006719,4,-1,111555566,111564192,885,111563308
HSD3B1,ENSSSCG00000006719,4,-1,111555566,111564192,892,111563301
HSD3B1,ENSSSCG00000006719,4,-1,111555566,111564192,969,111563224
HSD3B1,ENSSSCG00000006719,4,-1,111555566,111564192,1025,111563168
HSD3B1,ENSSSCG00000006719,4,-1,111555566,111564192,1157,111563036
HSD3B1,ENSSSCG00000006719,4,-1,111555566,111564192,1158,111563035
HSD3B1,ENSSSCG00000006719,4,-1,111555566,111564192,1305,111562888
HSD3B1,ENSSSCG00000006719,4,-1,111555566,111564192,1334,111562859
HSD3B1,ENSSSCG00000006719,4,-1,111555566,111564192,1346,111562847
HSD3B1,ENSSSCG00000006719,4,-1,111555566,111564192,1347,111562846
HSD3B1,ENSSSCG00000006719,4,-1,111555566,111564192,1377,111562816
HSD3B1,ENSSSCG00000006719,4,-1,111555566,111564192,1441,111562752
HSD3B1,ENSSSCG00000006719,4,-1,111555566,111564192,1469,111562724
HSD3B1,ENSSSCG00000006719,4,-1,111555566,111564192,1488,111562705
HSD3B1,ENSSSCG00000006719,4,-1,111555566,111564192,1507,111562686
HSD3B1,ENSSSCG00000006719,4,-1,111555566,111564192,1524,111562669
HSD3B1,ENSSSCG00000006719,4,-1,111555566,111564192,1596,111562597
HSD3B1,ENSSSCG00000006719,4,-1,111555566,111564192,1604,111562589
HSD3B1,ENSSSCG00000006719,4,-1,111555566,111564192,1623,111562570
HSD3B1,ENSSSCG00000006719,4,-1,111555566,111564192,1703,111562490
HSD3B1,ENSSSCG00000006719,4,-1,111555566,111564192,1732,111562461
HSD3B1,ENSSSCG00000006719,4,-1,111555566,111564192,1779,111562414
HSD3B1,ENSSSCG00000006719,4,-1,111555566,111564192,1802,111562391
HSD3B1,ENSSSCG00000006719,4,-1,111555566,111564192,1812,111562381
HSD3B1,ENSSSCG00000006719,4,-1,111555566,111564192,1862,111562331
HSD3B1,ENSSSCG00000006719,4,-1,111555566,111564192,1908,111562285
HSD3B1,ENSSSCG00000006719,4,-1,111555566,111564192,1976,111562217
HSD3B1,ENSSSCG00000006719,4,-1,111555566,111564192,2015,111562178
HSD3B1,ENSSSCG00000006719,4,-1,111555566,111564192,2055,111562138
HSD3B1,ENSSSCG00000006719,4,-1,111555566,111564192,2106,111562087
HSD3B1,ENSSSCG00000006719,4,-1,111555566,111564192,2109,111562084
HSD3B1,ENSSSCG00000006719,4,-1,111555566,111564192,2177,111562016
HSD3B1,ENSSSCG00000006719,4,-1,111555566,111564192,2197,111561996
HSD3B1,ENSSSCG00000006719,4,-1,111555566,111564192,2271,111561922
HSD3B1,ENSSSCG00000006719,4,-1,111555566,111564192,2288,111561905
HSD3B1,ENSSSCG00000006719,4,-1,111555566,111564192,2289,111561904
HSD3B1,ENSSSCG00000006719,4,-1,111555566,111564192,2304,111561889
HSD3B1,ENSSSCG00000006719,4,-1,111555566,111564192,2362,111561831
HSD3B1,ENSSSCG00000006719,4,-1,111555566,111564192,2387,111561806
HSD3B1,ENSSSCG00000006719,4,-1,111555566,111564192,2458,111561735
HSD3B1,ENSSSCG00000006719,4,-1,111555566,111564192,2463,111561730
HSD3B1,ENSSSCG00000006719,4,-1,111555566,111564192,2486,111561707
HSD3B1,ENSSSCG00000006719,4,-1,111555566,111564192,2493,111561700
HSD3B1,ENSSSCG00000006719,4,-1,111555566,111564192,2535,111561658
HSD3B1,ENSSSCG00000006719,4,-1,111555566,111564192,2545,111561648
HSD3B1,ENSSSCG00000006719,4,-1,111555566,111564192,2660,111561533
HSD3B1,ENSSSCG00000006719,4,-1,111555566,111564192,2701,111561492
HSD3B1,ENSSSCG00000006719,4,-1,111555566,111564192,2715,111561478
HSD3B1,ENSSSCG00000006719,4,-1,111555566,111564192,2844,111561349
HSD3B1,ENSSSCG00000006719,4,-1,111555566,111564192,2962,111561231
HSD3B1,ENSSSCG00000006719,4,-1,111555566,111564192,2967,111561226
HSD3B1,ENSSSCG00000006719,4,-1,111555566,111564192,2972,111561221
HSD3B1,ENSSSCG00000006719,4,-1,111555566,111564192,2989,111561204
HSD3B1,ENSSSCG00000006719,4,-1,111555566,111564192,3004,111561189
HSD3B1,ENSSSCG00000006719,4,-1,111555566,111564192,3023,111561170
HSD3B1,ENSSSCG00000006719,4,-1,111555566,111564192,3036,111561157
HSD3B1,ENSSSCG00000006719,4,-1,111555566,111564192,3087,111561106
HSD3B1,ENSSSCG00000006719,4,-1,111555566,111564192,3090,111561103
HSD3B1,ENSSSCG00000006719,4,-1,111555566,111564192,3115,111561078
HSD3B1,ENSSSCG00000006719,4,-1,111555566,111564192,3154,111561039
HSD3B1,ENSSSCG00000006719,4,-1,111555566,111564192,3203,111560990
HSD3B1,ENSSSCG00000006719,4,-1,111555566,111564192,3252,111560941
HSD3B1,ENSSSCG00000006719,4,-1,111555566,111564192,3310,111560883
HSD3B1,ENSSSCG00000006719,4,-1,111555566,111564192,3332,111560861
HSD3B1,ENSSSCG00000006719,4,-1,111555566,111564192,3375,111560818
HSD3B1,ENSSSCG00000006719,4,-1,111555566,111564192,3381,111560812
HSD3B1,ENSSSCG00000006719,4,-1,111555566,111564192,3406,111560787
HSD3B1,ENSSSCG00000006719,4,-1,111555566,111564192,3417,111560776
HSD3B1,ENSSSCG00000006719,4,-1,111555566,111564192,3439,111560754
HSD3B1,ENSSSCG00000006719,4,-1,111555566,111564192,3490,111560703
HSD3B1,ENSSSCG00000006719,4,-1,111555566,111564192,3503,111560690
HSD3B1,ENSSSCG00000006719,4,-1,111555566,111564192,3525,111560668
HSD3B1,ENSSSCG00000006719,4,-1,111555566,111564192,3543,111560650
HSD3B1,ENSSSCG00000006719,4,-1,111555566,111564192,3559,111560634
HSD3B1,ENSSSCG00000006719,4,-1,111555566,111564192,3571,111560622
HSD3B1,ENSSSCG00000006719,4,-1,111555566,111564192,3575,111560618
HSD3B1,ENSSSCG00000006719,4,-1,111555566,111564192,3600,111560593
HSD3B1,ENSSSCG00000006719,4,-1,111555566,111564192,3652,111560541
HSD3B1,ENSSSCG00000006719,4,-1,111555566,111564192,3683,111560510
HSD3B1,ENSSSCG00000006719,4,-1,111555566,111564192,3694,111560499
HSD3B1,ENSSSCG00000006719,4,-1,111555566,111564192,3698,111560495
HSD3B1,ENSSSCG00000006719,4,-1,111555566,111564192,3799,111560394
HSD3B1,ENSSSCG00000006719,4,-1,111555566,111564192,3821,111560372
HSD3B1,ENSSSCG00000006719,4,-1,111555566,111564192,3856,111560337
HSD3B1,ENSSSCG00000006719,4,-1,111555566,111564192,3883,111560310
HSD3B1,ENSSSCG00000006719,4,-1,111555566,111564192,3922,111560271
HSD3B1,ENSSSCG00000006719,4,-1,111555566,111564192,3933,111560260
HSD3B1,ENSSSCG00000006719,4,-1,111555566,111564192,4048,111560145
HSD3B1,ENSSSCG00000006719,4,-1,111555566,111564192,4049,111560144
HSD3B1,ENSSSCG00000006719,4,-1,111555566,111564192,4057,111560136
HSD3B1,ENSSSCG00000006719,4,-1,111555566,111564192,4072,111560121
HSD3B1,ENSSSCG00000006719,4,-1,111555566,111564192,4113,111560080
HSD3B1,ENSSSCG00000006719,4,-1,111555566,111564192,4216,111559977
HSD3B1,ENSSSCG00000006719,4,-1,111555566,111564192,4219,111559974
HSD3B1,ENSSSCG00000006719,4,-1,111555566,111564192,4243,111559950
HSD3B1,ENSSSCG00000006719,4,-1,111555566,111564192,4249,111559944
HSD3B1,ENSSSCG00000006719,4,-1,111555566,111564192,4253,111559940
HSD3B1,ENSSSCG00000006719,4,-1,111555566,111564192,4281,111559912
HSD3B1,ENSSSCG00000006719,4,-1,111555566,111564192,4296,111559897
HSD3B1,ENSSSCG00000006719,4,-1,111555566,111564192,4314,111559879
HSD3B1,ENSSSCG00000006719,4,-1,111555566,111564192,4351,111559842
HSD3B1,ENSSSCG00000006719,4,-1,111555566,111564192,4355,111559838
HSD3B1,ENSSSCG00000006719,4,-1,111555566,111564192,4356,111559837
HSD3B1,ENSSSCG00000006719,4,-1,111555566,111564192,4363,111559830
HSD3B1,ENSSSCG00000006719,4,-1,111555566,111564192,4426,111559767
HSD3B1,ENSSSCG00000006719,4,-1,111555566,111564192,4453,111559740
HSD3B1,ENSSSCG00000006719,4,-1,111555566,111564192,4454,111559739
HSD3B1,ENSSSCG00000006719,4,-1,111555566,111564192,4474,111559719
HSD3B1,ENSSSCG00000006719,4,-1,111555566,111564192,4483,111559710
HSD3B1,ENSSSCG00000006719,4,-1,111555566,111564192,4484,111559709
HSD3B1,ENSSSCG00000006719,4,-1,111555566,111564192,4527,111559666
HSD3B1,ENSSSCG00000006719,4,-1,111555566,111564192,4551,111559642
HSD3B1,ENSSSCG00000006719,4,-1,111555566,111564192,4570,111559623
HSD3B1,ENSSSCG00000006719,4,-1,111555566,111564192,4590,111559603
HSD3B1,ENSSSCG00000006719,4,-1,111555566,111564192,4616,111559577
HSD3B1,ENSSSCG00000006719,4,-1,111555566,111564192,4641,111559552
HSD3B1,ENSSSCG00000006719,4,-1,111555566,111564192,4689,111559504
HSD3B1,ENSSSCG00000006719,4,-1,111555566,111564192,4691,111559502
HSD3B1,ENSSSCG00000006719,4,-1,111555566,111564192,4742,111559451
HSD3B1,ENSSSCG00000006719,4,-1,111555566,111564192,4749,111559444
HSD3B1,ENSSSCG00000006719,4,-1,111555566,111564192,4753,111559440
HSD3B1,ENSSSCG00000006719,4,-1,111555566,111564192,4773,111559420
HSD3B1,ENSSSCG00000006719,4,-1,111555566,111564192,4788,111559405
HSD3B1,ENSSSCG00000006719,4,-1,111555566,111564192,4819,111559374
HSD3B1,ENSSSCG00000006719,4,-1,111555566,111564192,4872,111559321
HSD3B1,ENSSSCG00000006719,4,-1,111555566,111564192,4921,111559272
HSD3B1,ENSSSCG00000006719,4,-1,111555566,111564192,4934,111559259
HSD3B1,ENSSSCG00000006719,4,-1,111555566,111564192,4975,111559218
HSD3B1,ENSSSCG00000006719,4,-1,111555566,111564192,4984,111559209
HSD3B1,ENSSSCG00000006719,4,-1,111555566,111564192,5008,111559185
HSD3B1,ENSSSCG00000006719,4,-1,111555566,111564192,5094,111559099
HSD3B1,ENSSSCG00000006719,4,-1,111555566,111564192,5132,111559061
HSD3B1,ENSSSCG00000006719,4,-1,111555566,111564192,5189,111559004
HSD3B1,ENSSSCG00000006719,4,-1,111555566,111564192,5193,111559000
HSD3B1,ENSSSCG00000006719,4,-1,111555566,111564192,5226,111558967
HSD3B1,ENSSSCG00000006719,4,-1,111555566,111564192,5249,111558944
HSD3B1,ENSSSCG00000006719,4,-1,111555566,111564192,5302,111558891
HSD3B1,ENSSSCG00000006719,4,-1,111555566,111564192,5367,111558826
HSD3B1,ENSSSCG00000006719,4,-1,111555566,111564192,5376,111558817
HSD3B1,ENSSSCG00000006719,4,-1,111555566,111564192,5396,111558797
HSD3B1,ENSSSCG00000006719,4,-1,111555566,111564192,5403,111558790
HSD3B1,ENSSSCG00000006719,4,-1,111555566,111564192,5414,111558779
HSD3B1,ENSSSCG00000006719,4,-1,111555566,111564192,5431,111558762
HSD3B1,ENSSSCG00000006719,4,-1,111555566,111564192,5442,111558751
HSD3B1,ENSSSCG00000006719,4,-1,111555566,111564192,5460,111558733
HSD3B1,ENSSSCG00000006719,4,-1,111555566,111564192,5488,111558705
HSD3B1,ENSSSCG00000006719,4,-1,111555566,111564192,5498,111558695
HSD3B1,ENSSSCG00000006719,4,-1,111555566,111564192,5499,111558694
HSD3B1,ENSSSCG00000006719,4,-1,111555566,111564192,5514,111558679
HSD3B1,ENSSSCG00000006719,4,-1,111555566,111564192,5560,111558633
HSD3B1,ENSSSCG00000006719,4,-1,111555566,111564192,5566,111558627
HSD3B1,ENSSSCG00000006719,4,-1,111555566,111564192,5574,111558619
HSD3B1,ENSSSCG00000006719,4,-1,111555566,111564192,5623,111558570
HSD3B1,ENSSSCG00000006719,4,-1,111555566,111564192,5643,111558550
HSD3B1,ENSSSCG00000006719,4,-1,111555566,111564192,5671,111558522
HSD3B1,ENSSSCG00000006719,4,-1,111555566,111564192,5694,111558499
HSD3B1,ENSSSCG00000006719,4,-1,111555566,111564192,5697,111558496
HSD3B1,ENSSSCG00000006719,4,-1,111555566,111564192,5711,111558482
HSD3B1,ENSSSCG00000006719,4,-1,111555566,111564192,5754,111558439
HSD3B1,ENSSSCG00000006719,4,-1,111555566,111564192,5772,111558421
HSD3B1,ENSSSCG00000006719,4,-1,111555566,111564192,5806,111558387
HSD3B1,ENSSSCG00000006719,4,-1,111555566,111564192,5819,111558374
HSD3B1,ENSSSCG00000006719,4,-1,111555566,111564192,5909,111558284
HSD3B1,ENSSSCG00000006719,4,-1,111555566,111564192,5990,111558203
HSD3B1,ENSSSCG00000006719,4,-1,111555566,111564192,6003,111558190
HSD3B1,ENSSSCG00000006719,4,-1,111555566,111564192,6006,111558187
HSD3B1,ENSSSCG00000006719,4,-1,111555566,111564192,6024,111558169
HSD3B1,ENSSSCG00000006719,4,-1,111555566,111564192,6055,111558138
HSD3B1,ENSSSCG00000006719,4,-1,111555566,111564192,6072,111558121
HSD3B1,ENSSSCG00000006719,4,-1,111555566,111564192,6078,111558115
HSD3B1,ENSSSCG00000006719,4,-1,111555566,111564192,6098,111558095
HSD3B1,ENSSSCG00000006719,4,-1,111555566,111564192,6099,111558094
HSD3B1,ENSSSCG00000006719,4,-1,111555566,111564192,6104,111558089
HSD3B1,ENSSSCG00000006719,4,-1,111555566,111564192,6106,111558087
HSD3B1,ENSSSCG00000006719,4,-1,111555566,111564192,6258,111557935
HSD3B1,ENSSSCG00000006719,4,-1,111555566,111564192,6286,111557907
HSD3B1,ENSSSCG00000006719,4,-1,111555566,111564192,6348,111557845
HSD3B1,ENSSSCG00000006719,4,-1,111555566,111564192,6600,111557593
HSD3B1,ENSSSCG00000006719,4,-1,111555566,111564192,6654,111557539
HSD3B1,ENSSSCG00000006719,4,-1,111555566,111564192,6658,111557535
HSD3B1,ENSSSCG00000006719,4,-1,111555566,111564192,6661,111557532
HSD3B1,ENSSSCG00000006719,4,-1,111555566,111564192,6696,111557497
HSD3B1,ENSSSCG00000006719,4,-1,111555566,111564192,6752,111557441
HSD3B1,ENSSSCG00000006719,4,-1,111555566,111564192,6758,111557435
HSD3B1,ENSSSCG00000006719,4,-1,111555566,111564192,6762,111557431
HSD3B1,ENSSSCG00000006719,4,-1,111555566,111564192,6803,111557390
HSD3B1,ENSSSCG00000006719,4,-1,111555566,111564192,6828,111557365
HSD3B1,ENSSSCG00000006719,4,-1,111555566,111564192,6846,111557347
HSD3B1,ENSSSCG00000006719,4,-1,111555566,111564192,6895,111557298
HSD3B1,ENSSSCG00000006719,4,-1,111555566,111564192,6900,111557293
HSD3B1,ENSSSCG00000006719,4,-1,111555566,111564192,6939,111557254
HSD3B1,ENSSSCG00000006719,4,-1,111555566,111564192,6949,111557244
HSD3B1,ENSSSCG00000006719,4,-1,111555566,111564192,6991,111557202
HSD3B1,ENSSSCG00000006719,4,-1,111555566,111564192,7032,111557161
HSD3B1,ENSSSCG00000006719,4,-1,111555566,111564192,7092,111557101
HSD3B1,ENSSSCG00000006719,4,-1,111555566,111564192,7107,111557086
HSD3B1,ENSSSCG00000006719,4,-1,111555566,111564192,7136,111557057
HSD3B1,ENSSSCG00000006719,4,-1,111555566,111564192,7137,111557056
HSD3B1,ENSSSCG00000006719,4,-1,111555566,111564192,7176,111557017
HSD3B1,ENSSSCG00000006719,4,-1,111555566,111564192,7221,111556972
HSD3B1,ENSSSCG00000006719,4,-1,111555566,111564192,7222,111556971
HSD3B1,ENSSSCG00000006719,4,-1,111555566,111564192,7295,111556898
HSD3B1,ENSSSCG00000006719,4,-1,111555566,111564192,7310,111556883
HSD3B1,ENSSSCG00000006719,4,-1,111555566,111564192,7325,111556868
HSD3B1,ENSSSCG00000006719,4,-1,111555566,111564192,7352,111556841
HSD3B1,ENSSSCG00000006719,4,-1,111555566,111564192,7412,111556781
HSD3B1,ENSSSCG00000006719,4,-1,111555566,111564192,7418,111556775
HSD3B1,ENSSSCG00000006719,4,-1,111555566,111564192,7428,111556765
HSD3B1,ENSSSCG00000006719,4,-1,111555566,111564192,7572,111556621
HSD3B1,ENSSSCG00000006719,4,-1,111555566,111564192,7616,111556577
HSD3B1,ENSSSCG00000006719,4,-1,111555566,111564192,7748,111556445
HSD3B1,ENSSSCG00000006719,4,-1,111555566,111564192,7778,111556415
HSD3B1,ENSSSCG00000006719,4,-1,111555566,111564192,7862,111556331
HSD3B1,ENSSSCG00000006719,4,-1,111555566,111564192,7881,111556312
HSD3B1,ENSSSCG00000006719,4,-1,111555566,111564192,7889,111556304
HSD3B1,ENSSSCG00000006719,4,-1,111555566,111564192,7906,111556287
HSD3B1,ENSSSCG00000006719,4,-1,111555566,111564192,8197,111555996
HSD3B1,ENSSSCG00000006719,4,-1,111555566,111564192,8225,111555968
HSD3B1,ENSSSCG00000006719,4,-1,111555566,111564192,8229,111555964
HSD3B1,ENSSSCG00000006719,4,-1,111555566,111564192,8336,111555857
HSD3B1,ENSSSCG00000006719,4,-1,111555566,111564192,8343,111555850
HSD3B1,ENSSSCG00000006719,4,-1,111555566,111564192,8359,111555834
HSD3B1,ENSSSCG00000006719,4,-1,111555566,111564192,8366,111555827
HSD3B1,ENSSSCG00000006719,4,-1,111555566,111564192,8405,111555788
HSD3B1,ENSSSCG00000006719,4,-1,111555566,111564192,8412,111555781
HSD3B1,ENSSSCG00000006719,4,-1,111555566,111564192,8545,111555648
SULT2A1,ENSSSCG00000003130,6,-1,49108567,49119941,147,49119795
SULT2A1,ENSSSCG00000003130,6,-1,49108567,49119941,378,49119564
SULT2A1,ENSSSCG00000003130,6,-1,49108567,49119941,741,49119201
SULT2A1,ENSSSCG00000003130,6,-1,49108567,49119941,777,49119165
SULT2A1,ENSSSCG00000003130,6,-1,49108567,49119941,792,49119150
SULT2A1,ENSSSCG00000003130,6,-1,49108567,49119941,801,49119141
SULT2A1,ENSSSCG00000003130,6,-1,49108567,49119941,802,49119140
SULT2A1,ENSSSCG00000003130,6,-1,49108567,49119941,978,49118964
SULT2A1,ENSSSCG00000003130,6,-1,49108567,49119941,993,49118949
SULT2A1,ENSSSCG00000003130,6,-1,49108567,49119941,1038,49118904
SULT2A1,ENSSSCG00000003130,6,-1,49108567,49119941,1143,49118799
SULT2A1,ENSSSCG00000003130,6,-1,49108567,49119941,1311,49118631
SULT2A1,ENSSSCG00000003130,6,-1,49108567,49119941,1340,49118602
SULT2A1,ENSSSCG00000003130,6,-1,49108567,49119941,1351,49118591
SULT2A1,ENSSSCG00000003130,6,-1,49108567,49119941,1386,49118556
SULT2A1,ENSSSCG00000003130,6,-1,49108567,49119941,1440,49118502
SULT2A1,ENSSSCG00000003130,6,-1,49108567,49119941,1720,49118222
SULT2A1,ENSSSCG00000003130,6,-1,49108567,49119941,1738,49118204
SULT2A1,ENSSSCG00000003130,6,-1,49108567,49119941,1759,49118183
SULT2A1,ENSSSCG00000003130,6,-1,49108567,49119941,1773,49118169
SULT2A1,ENSSSCG00000003130,6,-1,49108567,49119941,1798,49118144
SULT2A1,ENSSSCG00000003130,6,-1,49108567,49119941,1807,49118135
SULT2A1,ENSSSCG00000003130,6,-1,49108567,49119941,1827,49118115
SULT2A1,ENSSSCG00000003130,6,-1,49108567,49119941,1858,49118084
SULT2A1,ENSSSCG00000003130,6,-1,49108567,49119941,1962,49117980
SULT2A1,ENSSSCG00000003130,6,-1,49108567,49119941,1963,49117979
SULT2A1,ENSSSCG00000003130,6,-1,49108567,49119941,2033,49117909
SULT2A1,ENSSSCG00000003130,6,-1,49108567,49119941,2066,49117876
SULT2A1,ENSSSCG00000003130,6,-1,49108567,49119941,2081,49117861
SULT2A1,ENSSSCG00000003130,6,-1,49108567,49119941,2328,49117614
SULT2A1,ENSSSCG00000003130,6,-1,49108567,49119941,2396,49117546
SULT2A1,ENSSSCG00000003130,6,-1,49108567,49119941,2409,49117533
SULT2A1,ENSSSCG00000003130,6,-1,49108567,49119941,2411,49117531
SULT2A1,ENSSSCG00000003130,6,-1,49108567,49119941,2504,49117438
SULT2A1,ENSSSCG00000003130,6,-1,49108567,49119941,2512,49117430
SULT2A1,ENSSSCG00000003130,6,-1,49108567,49119941,2594,49117348
SULT2A1,ENSSSCG00000003130,6,-1,49108567,49119941,2595,49117347
SULT2A1,ENSSSCG00000003130,6,-1,49108567,49119941,2601,49117341
SULT2A1,ENSSSCG00000003130,6,-1,49108567,49119941,2647,49117295
SULT2A1,ENSSSCG00000003130,6,-1,49108567,49119941,2832,49117110
SULT2A1,ENSSSCG00000003130,6,-1,49108567,49119941,2950,49116992
SULT2A1,ENSSSCG00000003130,6,-1,49108567,49119941,2962,49116980
SULT2A1,ENSSSCG00000003130,6,-1,49108567,49119941,3093,49116849
SULT2A1,ENSSSCG00000003130,6,-1,49108567,49119941,3096,49116846
SULT2A1,ENSSSCG00000003130,6,-1,49108567,49119941,3113,49116829
SULT2A1,ENSSSCG00000003130,6,-1,49108567,49119941,3192,49116750
SULT2A1,ENSSSCG00000003130,6,-1,49108567,49119941,3236,49116706
SULT2A1,ENSSSCG00000003130,6,-1,49108567,49119941,3259,49116683
SULT2A1,ENSSSCG00000003130,6,-1,49108567,49119941,3402,49116540
SULT2A1,ENSSSCG00000003130,6,-1,49108567,49119941,3505,49116437
SULT2A1,ENSSSCG00000003130,6,-1,49108567,49119941,3560,49116382
SULT2A1,ENSSSCG00000003130,6,-1,49108567,49119941,3568,49116374
SULT2A1,ENSSSCG00000003130,6,-1,49108567,49119941,3577,49116365
SULT2A1,ENSSSCG00000003130,6,-1,49108567,49119941,3633,49116309
SULT2A1,ENSSSCG00000003130,6,-1,49108567,49119941,3753,49116189
SULT2A1,ENSSSCG00000003130,6,-1,49108567,49119941,3771,49116171
SULT2A1,ENSSSCG00000003130,6,-1,49108567,49119941,3861,49116081
SULT2A1,ENSSSCG00000003130,6,-1,49108567,49119941,3912,49116030
SULT2A1,ENSSSCG00000003130,6,-1,49108567,49119941,3954,49115988
SULT2A1,ENSSSCG00000003130,6,-1,49108567,49119941,3962,49115980
SULT2A1,ENSSSCG00000003130,6,-1,49108567,49119941,3993,49115949
SULT2A1,ENSSSCG00000003130,6,-1,49108567,49119941,4020,49115922
SULT2A1,ENSSSCG00000003130,6,-1,49108567,49119941,4087,49115855
SULT2A1,ENSSSCG00000003130,6,-1,49108567,49119941,4089,49115853
SULT2A1,ENSSSCG00000003130,6,-1,49108567,49119941,4151,49115791
SULT2A1,ENSSSCG00000003130,6,-1,49108567,49119941,4154,49115788
SULT2A1,ENSSSCG00000003130,6,-1,49108567,49119941,4186,49115756
SULT2A1,ENSSSCG00000003130,6,-1,49108567,49119941,4224,49115718
SULT2A1,ENSSSCG00000003130,6,-1,49108567,49119941,4347,49115595
SULT2A1,ENSSSCG00000003130,6,-1,49108567,49119941,4350,49115592
SULT2A1,ENSSSCG00000003130,6,-1,49108567,49119941,4354,49115588
SULT2A1,ENSSSCG00000003130,6,-1,49108567,49119941,4443,49115499
SULT2A1,ENSSSCG00000003130,6,-1,49108567,49119941,4506,49115436
SULT2A1,ENSSSCG00000003130,6,-1,49108567,49119941,4549,49115393
SULT2A1,ENSSSCG00000003130,6,-1,49108567,49119941,4676,49115266
SULT2A1,ENSSSCG00000003130,6,-1,49108567,49119941,4727,49115215
SULT2A1,ENSSSCG00000003130,6,-1,49108567,49119941,4733,49115209
SULT2A1,ENSSSCG00000003130,6,-1,49108567,49119941,4734,49115208
SULT2A1,ENSSSCG00000003130,6,-1,49108567,49119941,4784,49115158
SULT2A1,ENSSSCG00000003130,6,-1,49108567,49119941,4793,49115149
SULT2A1,ENSSSCG00000003130,6,-1,49108567,49119941,4802,49115140
SULT2A1,ENSSSCG00000003130,6,-1,49108567,49119941,4884,49115058
SULT2A1,ENSSSCG00000003130,6,-1,49108567,49119941,5203,49114739
SULT2A1,ENSSSCG00000003130,6,-1,49108567,49119941,5238,49114704
SULT2A1,ENSSSCG00000003130,6,-1,49108567,49119941,5270,49114672
SULT2A1,ENSSSCG00000003130,6,-1,49108567,49119941,5340,49114602
SULT2A1,ENSSSCG00000003130,6,-1,49108567,49119941,5380,49114562
SULT2A1,ENSSSCG00000003130,6,-1,49108567,49119941,5401,49114541
SULT2A1,ENSSSCG00000003130,6,-1,49108567,49119941,5415,49114527
SULT2A1,ENSSSCG00000003130,6,-1,49108567,49119941,5443,49114499
SULT2A1,ENSSSCG00000003130,6,-1,49108567,49119941,5478,49114464
SULT2A1,ENSSSCG00000003130,6,-1,49108567,49119941,5703,49114239
SULT2A1,ENSSSCG00000003130,6,-1,49108567,49119941,5791,49114151
SULT2A1,ENSSSCG00000003130,6,-1,49108567,49119941,5901,49114041
SULT2A1,ENSSSCG00000003130,6,-1,49108567,49119941,6045,49113897
SULT2A1,ENSSSCG00000003130,6,-1,49108567,49119941,6199,49113743
SULT2A1,ENSSSCG00000003130,6,-1,49108567,49119941,6312,49113630
SULT2A1,ENSSSCG00000003130,6,-1,49108567,49119941,6313,49113629
SULT2A1,ENSSSCG00000003130,6,-1,49108567,49119941,6340,49113602
SULT2A1,ENSSSCG00000003130,6,-1,49108567,49119941,6390,49113552
SULT2A1,ENSSSCG00000003130,6,-1,49108567,49119941,6504,49113438
SULT2A1,ENSSSCG00000003130,6,-1,49108567,49119941,6529,49113413
SULT2A1,ENSSSCG00000003130,6,-1,49108567,49119941,6574,49113368
SULT2A1,ENSSSCG00000003130,6,-1,49108567,49119941,6588,49113354
SULT2A1,ENSSSCG00000003130,6,-1,49108567,49119941,6615,49113327
SULT2A1,ENSSSCG00000003130,6,-1,49108567,49119941,6653,49113289
SULT2A1,ENSSSCG00000003130,6,-1,49108567,49119941,6868,49113074
SULT2A1,ENSSSCG00000003130,6,-1,49108567,49119941,6883,49113059
SULT2A1,ENSSSCG00000003130,6,-1,49108567,49119941,6892,49113050
SULT2A1,ENSSSCG00000003130,6,-1,49108567,49119941,6941,49113001
SULT2A1,ENSSSCG00000003130,6,-1,49108567,49119941,7037,49112905
SULT2A1,ENSSSCG00000003130,6,-1,49108567,49119941,7065,49112877
SULT2A1,ENSSSCG00000003130,6,-1,49108567,49119941,7068,49112874
SULT2A1,ENSSSCG00000003130,6,-1,49108567,49119941,7079,49112863
SULT2A1,ENSSSCG00000003130,6,-1,49108567,49119941,7339,49112603
SULT2A1,ENSSSCG00000003130,6,-1,49108567,49119941,7343,49112599
SULT2A1,ENSSSCG00000003130,6,-1,49108567,49119941,7356,49112586
SULT2A1,ENSSSCG00000003130,6,-1,49108567,49119941,7496,49112446
SULT2A1,ENSSSCG00000003130,6,-1,49108567,49119941,7662,49112280
SULT2A1,ENSSSCG00000003130,6,-1,49108567,49119941,7708,49112234
SULT2A1,ENSSSCG00000003130,6,-1,49108567,49119941,7710,49112232
SULT2A1,ENSSSCG00000003130,6,-1,49108567,49119941,7747,49112195
SULT2A1,ENSSSCG00000003130,6,-1,49108567,49119941,8215,49111727
SULT2A1,ENSSSCG00000003130,6,-1,49108567,49119941,8237,49111705
SULT2A1,ENSSSCG00000003130,6,-1,49108567,49119941,8250,49111692
SULT2A1,ENSSSCG00000003130,6,-1,49108567,49119941,8491,49111451
SULT2A1,ENSSSCG00000003130,6,-1,49108567,49119941,8534,49111408
SULT2A1,ENSSSCG00000003130,6,-1,49108567,49119941,8571,49111371
SULT2A1,ENSSSCG00000003130,6,-1,49108567,49119941,8582,49111360
SULT2A1,ENSSSCG00000003130,6,-1,49108567,49119941,8607,49111335
SULT2A1,ENSSSCG00000003130,6,-1,49108567,49119941,8645,49111297
SULT2A1,ENSSSCG00000003130,6,-1,49108567,49119941,8652,49111290
SULT2A1,ENSSSCG00000003130,6,-1,49108567,49119941,8669,49111273
SULT2A1,ENSSSCG00000003130,6,-1,49108567,49119941,8899,49111043
SULT2A1,ENSSSCG00000003130,6,-1,49108567,49119941,9069,49110873
SULT2A1,ENSSSCG00000003130,6,-1,49108567,49119941,9137,49110805
SULT2A1,ENSSSCG00000003130,6,-1,49108567,49119941,9138,49110804
SULT2A1,ENSSSCG00000003130,6,-1,49108567,49119941,9143,49110799
SULT2A1,ENSSSCG00000003130,6,-1,49108567,49119941,9197,49110745
SULT2A1,ENSSSCG00000003130,6,-1,49108567,49119941,9292,49110650
SULT2A1,ENSSSCG00000003130,6,-1,49108567,49119941,9397,49110545
SULT2A1,ENSSSCG00000003130,6,-1,49108567,49119941,9463,49110479
SULT2A1,ENSSSCG00000003130,6,-1,49108567,49119941,9500,49110442
SULT2A1,ENSSSCG00000003130,6,-1,49108567,49119941,9622,49110320
SULT2A1,ENSSSCG00000003130,6,-1,49108567,49119941,9648,49110294
SULT2A1,ENSSSCG00000003130,6,-1,49108567,49119941,9671,49110271
SULT2A1,ENSSSCG00000003130,6,-1,49108567,49119941,9705,49110237
SULT2A1,ENSSSCG00000003130,6,-1,49108567,49119941,9718,49110224
SULT2A1,ENSSSCG00000003130,6,-1,49108567,49119941,9726,49110216
SULT2A1,ENSSSCG00000003130,6,-1,49108567,49119941,9776,49110166
SULT2A1,ENSSSCG00000003130,6,-1,49108567,49119941,9786,49110156
SULT2A1,ENSSSCG00000003130,6,-1,49108567,49119941,9797,49110145
SULT2A1,ENSSSCG00000003130,6,-1,49108567,49119941,9828,49110114
SULT2A1,ENSSSCG00000003130,6,-1,49108567,49119941,10002,49109940
SULT2A1,ENSSSCG00000003130,6,-1,49108567,49119941,10040,49109902
SULT2A1,ENSSSCG00000003130,6,-1,49108567,49119941,10041,49109901
SULT2A1,ENSSSCG00000003130,6,-1,49108567,49119941,10077,49109865
SULT2A1,ENSSSCG00000003130,6,-1,49108567,49119941,10101,49109841
SULT2A1,ENSSSCG00000003130,6,-1,49108567,49119941,10102,49109840
SULT2A1,ENSSSCG00000003130,6,-1,49108567,49119941,10125,49109817
SULT2A1,ENSSSCG00000003130,6,-1,49108567,49119941,10176,49109766
SULT2A1,ENSSSCG00000003130,6,-1,49108567,49119941,10198,49109744
SULT2A1,ENSSSCG00000003130,6,-1,49108567,49119941,10215,49109727
SULT2A1,ENSSSCG00000003130,6,-1,49108567,49119941,10242,49109700
SULT2A1,ENSSSCG00000003130,6,-1,49108567,49119941,10311,49109631
SULT2A1,ENSSSCG00000003130,6,-1,49108567,49119941,10353,49109589
SULT2A1,ENSSSCG00000003130,6,-1,49108567,49119941,10395,49109547
SULT2A1,ENSSSCG00000003130,6,-1,49108567,49119941,10419,49109523
SULT2A1,ENSSSCG00000003130,6,-1,49108567,49119941,10478,49109464
SULT2A1,ENSSSCG00000003130,6,-1,49108567,49119941,10482,49109460
SULT2A1,ENSSSCG00000003130,6,-1,49108567,49119941,10490,49109452
SULT2A1,ENSSSCG00000003130,6,-1,49108567,49119941,10536,49109406
SULT2A1,ENSSSCG00000003130,6,-1,49108567,49119941,10540,49109402
SULT2A1,ENSSSCG00000003130,6,-1,49108567,49119941,10543,49109399
SULT2A1,ENSSSCG00000003130,6,-1,49108567,49119941,10625,49109317
SULT2A1,ENSSSCG00000003130,6,-1,49108567,49119941,10822,49109120
SULT2A1,ENSSSCG00000003130,6,-1,49108567,49119941,10829,49109113
SULT2A1,ENSSSCG00000003130,6,-1,49108567,49119941,10856,49109086
SULT2A1,ENSSSCG00000003130,6,-1,49108567,49119941,10981,49108961
SULT2A1,ENSSSCG00000003130,6,-1,49108567,49119941,11018,49108924
SULT2A1,ENSSSCG00000003130,6,-1,49108567,49119941,11034,49108908
SULT2A1,ENSSSCG00000003130,6,-1,49108567,49119941,11119,49108823
SULT2A1,ENSSSCG00000003130,6,-1,49108567,49119941,11284,49108658
SULT2A1,ENSSSCG00000003130,6,-1,49108567,49119941,11288,49108654
SULT2A1,ENSSSCG00000003130,6,-1,49108567,49119941,11360,49108582
SULT2A1,ENSSSCG00000003130,6,-1,49108567,49119941,11371,49108571
CYB5A,ENSSSCG00000004875,1,1,165902018,165937614,61,165902078
CYB5A,ENSSSCG00000004875,1,1,165902018,165937614,68,165902085
CYB5A,ENSSSCG00000004875,1,1,165902018,165937614,74,165902091
CYB5A,ENSSSCG00000004875,1,1,165902018,165937614,122,165902139
CYB5A,ENSSSCG00000004875,1,1,165902018,165937614,246,165902263
CYB5A,ENSSSCG00000004875,1,1,165902018,165937614,364,165902381
CYB5A,ENSSSCG00000004875,1,1,165902018,165937614,464,165902481
CYB5A,ENSSSCG00000004875,1,1,165902018,165937614,480,165902497
CYB5A,ENSSSCG00000004875,1,1,165902018,165937614,508,165902525
CYB5A,ENSSSCG00000004875,1,1,165902018,165937614,581,165902598
CYB5A,ENSSSCG00000004875,1,1,165902018,165937614,607,165902624
CYB5A,ENSSSCG00000004875,1,1,165902018,165937614,628,165902645
CYB5A,ENSSSCG00000004875,1,1,165902018,165937614,760,165902777
CYB5A,ENSSSCG00000004875,1,1,165902018,165937614,855,165902872
CYB5A,ENSSSCG00000004875,1,1,165902018,165937614,924,165902941
CYB5A,ENSSSCG00000004875,1,1,165902018,165937614,1012,165903029
CYB5A,ENSSSCG00000004875,1,1,165902018,165937614,1093,165903110
CYB5A,ENSSSCG00000004875,1,1,165902018,165937614,1119,165903136
CYB5A,ENSSSCG00000004875,1,1,165902018,165937614,1295,165903312
CYB5A,ENSSSCG00000004875,1,1,165902018,165937614,1331,165903348
CYB5A,ENSSSCG00000004875,1,1,165902018,165937614,1417,165903434
CYB5A,ENSSSCG00000004875,1,1,165902018,165937614,1498,165903515
CYB5A,ENSSSCG00000004875,1,1,165902018,165937614,1593,165903610
CYB5A,ENSSSCG00000004875,1,1,165902018,165937614,1604,165903621
CYB5A,ENSSSCG00000004875,1,1,165902018,165937614,1619,165903636
CYB5A,ENSSSCG00000004875,1,1,165902018,165937614,1625,165903642
CYB5A,ENSSSCG00000004875,1,1,165902018,165937614,1651,165903668
CYB5A,ENSSSCG00000004875,1,1,165902018,165937614,1672,165903689
CYB5A,ENSSSCG00000004875,1,1,165902018,165937614,1677,165903694
CYB5A,ENSSSCG00000004875,1,1,165902018,165937614,1782,165903799
CYB5A,ENSSSCG00000004875,1,1,165902018,165937614,1888,165903905
CYB5A,ENSSSCG00000004875,1,1,165902018,165937614,1912,165903929
CYB5A,ENSSSCG00000004875,1,1,165902018,165937614,1983,165904000
CYB5A,ENSSSCG00000004875,1,1,165902018,165937614,2004,165904021
CYB5A,ENSSSCG00000004875,1,1,165902018,165937614,2005,165904022
CYB5A,ENSSSCG00000004875,1,1,165902018,165937614,2030,165904047
CYB5A,ENSSSCG00000004875,1,1,165902018,165937614,2091,165904108
CYB5A,ENSSSCG00000004875,1,1,165902018,165937614,2142,165904159
CYB5A,ENSSSCG00000004875,1,1,165902018,165937614,2251,165904268
CYB5A,ENSSSCG00000004875,1,1,165902018,165937614,2254,165904271
CYB5A,ENSSSCG00000004875,1,1,165902018,165937614,2304,165904321
CYB5A,ENSSSCG00000004875,1,1,165902018,165937614,2323,165904340
CYB5A,ENSSSCG00000004875,1,1,165902018,165937614,2359,165904376
CYB5A,ENSSSCG00000004875,1,1,165902018,165937614,2372,165904389
CYB5A,ENSSSCG00000004875,1,1,165902018,165937614,2394,165904411
CYB5A,ENSSSCG00000004875,1,1,165902018,165937614,2423,165904440
CYB5A,ENSSSCG00000004875,1,1,165902018,165937614,2459,165904476
CYB5A,ENSSSCG00000004875,1,1,165902018,165937614,2500,165904517
CYB5A,ENSSSCG00000004875,1,1,165902018,165937614,2589,165904606
CYB5A,ENSSSCG00000004875,1,1,165902018,165937614,2644,165904661
CYB5A,ENSSSCG00000004875,1,1,165902018,165937614,2777,165904794
CYB5A,ENSSSCG00000004875,1,1,165902018,165937614,2958,165904975
CYB5A,ENSSSCG00000004875,1,1,165902018,165937614,3139,165905156
CYB5A,ENSSSCG00000004875,1,1,165902018,165937614,3164,165905181
CYB5A,ENSSSCG00000004875,1,1,165902018,165937614,3192,165905209
CYB5A,ENSSSCG00000004875,1,1,165902018,165937614,3201,165905218
CYB5A,ENSSSCG00000004875,1,1,165902018,165937614,3202,165905219
CYB5A,ENSSSCG00000004875,1,1,165902018,165937614,3507,165905524
CYB5A,ENSSSCG00000004875,1,1,165902018,165937614,3549,165905566
CYB5A,ENSSSCG00000004875,1,1,165902018,165937614,3559,165905576
CYB5A,ENSSSCG00000004875,1,1,165902018,165937614,3695,165905712
CYB5A,ENSSSCG00000004875,1,1,165902018,165937614,3877,165905894
CYB5A,ENSSSCG00000004875,1,1,165902018,165937614,3897,165905914
CYB5A,ENSSSCG00000004875,1,1,165902018,165937614,4112,165906129
CYB5A,ENSSSCG00000004875,1,1,165902018,165937614,4237,165906254
CYB5A,ENSSSCG00000004875,1,1,165902018,165937614,4302,165906319
CYB5A,ENSSSCG00000004875,1,1,165902018,165937614,4304,165906321
CYB5A,ENSSSCG00000004875,1,1,165902018,165937614,4351,165906368
CYB5A,ENSSSCG00000004875,1,1,165902018,165937614,4493,165906510
CYB5A,ENSSSCG00000004875,1,1,165902018,165937614,4510,165906527
CYB5A,ENSSSCG00000004875,1,1,165902018,165937614,4572,165906589
CYB5A,ENSSSCG00000004875,1,1,165902018,165937614,4575,165906592
CYB5A,ENSSSCG00000004875,1,1,165902018,165937614,4632,165906649
CYB5A,ENSSSCG00000004875,1,1,165902018,165937614,4740,165906757
CYB5A,ENSSSCG00000004875,1,1,165902018,165937614,4853,165906870
CYB5A,ENSSSCG00000004875,1,1,165902018,165937614,4871,165906888
CYB5A,ENSSSCG00000004875,1,1,165902018,165937614,5110,165907127
CYB5A,ENSSSCG00000004875,1,1,165902018,165937614,5118,165907135
CYB5A,ENSSSCG00000004875,1,1,165902018,165937614,5138,165907155
CYB5A,ENSSSCG00000004875,1,1,165902018,165937614,5162,165907179
CYB5A,ENSSSCG00000004875,1,1,165902018,165937614,5193,165907210
CYB5A,ENSSSCG00000004875,1,1,165902018,165937614,5202,165907219
CYB5A,ENSSSCG00000004875,1,1,165902018,165937614,5208,165907225
CYB5A,ENSSSCG00000004875,1,1,165902018,165937614,5239,165907256
CYB5A,ENSSSCG00000004875,1,1,165902018,165937614,5264,165907281
CYB5A,ENSSSCG00000004875,1,1,165902018,165937614,5281,165907298
CYB5A,ENSSSCG00000004875,1,1,165902018,165937614,5503,165907520
CYB5A,ENSSSCG00000004875,1,1,165902018,165937614,5510,165907527
CYB5A,ENSSSCG00000004875,1,1,165902018,165937614,5535,165907552
CYB5A,ENSSSCG00000004875,1,1,165902018,165937614,5546,165907563
CYB5A,ENSSSCG00000004875,1,1,165902018,165937614,5547,165907564
CYB5A,ENSSSCG00000004875,1,1,165902018,165937614,5644,165907661
CYB5A,ENSSSCG00000004875,1,1,165902018,165937614,5652,165907669
CYB5A,ENSSSCG00000004875,1,1,165902018,165937614,5679,165907696
CYB5A,ENSSSCG00000004875,1,1,165902018,165937614,5764,165907781
CYB5A,ENSSSCG00000004875,1,1,165902018,165937614,5780,165907797
CYB5A,ENSSSCG00000004875,1,1,165902018,165937614,5910,165907927
CYB5A,ENSSSCG00000004875,1,1,165902018,165937614,6039,165908056
CYB5A,ENSSSCG00000004875,1,1,165902018,165937614,6051,165908068
CYB5A,ENSSSCG00000004875,1,1,165902018,165937614,6089,165908106
CYB5A,ENSSSCG00000004875,1,1,165902018,165937614,6098,165908115
CYB5A,ENSSSCG00000004875,1,1,165902018,165937614,6155,165908172
CYB5A,ENSSSCG00000004875,1,1,165902018,165937614,6162,165908179
CYB5A,ENSSSCG00000004875,1,1,165902018,165937614,6169,165908186
CYB5A,ENSSSCG00000004875,1,1,165902018,165937614,6274,165908291
CYB5A,ENSSSCG00000004875,1,1,165902018,165937614,6282,165908299
CYB5A,ENSSSCG00000004875,1,1,165902018,165937614,6289,165908306
CYB5A,ENSSSCG00000004875,1,1,165902018,165937614,6323,165908340
CYB5A,ENSSSCG00000004875,1,1,165902018,165937614,6394,165908411
CYB5A,ENSSSCG00000004875,1,1,165902018,165937614,6399,165908416
CYB5A,ENSSSCG00000004875,1,1,165902018,165937614,6498,165908515
CYB5A,ENSSSCG00000004875,1,1,165902018,165937614,6532,165908549
CYB5A,ENSSSCG00000004875,1,1,165902018,165937614,6581,165908598
CYB5A,ENSSSCG00000004875,1,1,165902018,165937614,6582,165908599
CYB5A,ENSSSCG00000004875,1,1,165902018,165937614,6768,165908785
CYB5A,ENSSSCG00000004875,1,1,165902018,165937614,6861,165908878
CYB5A,ENSSSCG00000004875,1,1,165902018,165937614,6932,165908949
CYB5A,ENSSSCG00000004875,1,1,165902018,165937614,7124,165909141
CYB5A,ENSSSCG00000004875,1,1,165902018,165937614,7136,165909153
CYB5A,ENSSSCG00000004875,1,1,165902018,165937614,7288,165909305
CYB5A,ENSSSCG00000004875,1,1,165902018,165937614,7314,165909331
CYB5A,ENSSSCG00000004875,1,1,165902018,165937614,7318,165909335
CYB5A,ENSSSCG00000004875,1,1,165902018,165937614,7331,165909348
CYB5A,ENSSSCG00000004875,1,1,165902018,165937614,7427,165909444
CYB5A,ENSSSCG00000004875,1,1,165902018,165937614,7434,165909451
CYB5A,ENSSSCG00000004875,1,1,165902018,165937614,7585,165909602
CYB5A,ENSSSCG00000004875,1,1,165902018,165937614,7601,165909618
CYB5A,ENSSSCG00000004875,1,1,165902018,165937614,7603,165909620
CYB5A,ENSSSCG00000004875,1,1,165902018,165937614,7676,165909693
CYB5A,ENSSSCG00000004875,1,1,165902018,165937614,7802,165909819
CYB5A,ENSSSCG00000004875,1,1,165902018,165937614,7890,165909907
CYB5A,ENSSSCG00000004875,1,1,165902018,165937614,8015,165910032
CYB5A,ENSSSCG00000004875,1,1,165902018,165937614,8092,165910109
CYB5A,ENSSSCG00000004875,1,1,165902018,165937614,8104,165910121
CYB5A,ENSSSCG00000004875,1,1,165902018,165937614,8132,165910149
CYB5A,ENSSSCG00000004875,1,1,165902018,165937614,8133,165910150
CYB5A,ENSSSCG00000004875,1,1,165902018,165937614,8196,165910213
CYB5A,ENSSSCG00000004875,1,1,165902018,165937614,8198,165910215
CYB5A,ENSSSCG00000004875,1,1,165902018,165937614,8293,165910310
CYB5A,ENSSSCG00000004875,1,1,165902018,165937614,8409,165910426
CYB5A,ENSSSCG00000004875,1,1,165902018,165937614,8428,165910445
CYB5A,ENSSSCG00000004875,1,1,165902018,165937614,8456,165910473
CYB5A,ENSSSCG00000004875,1,1,165902018,165937614,8457,165910474
CYB5A,ENSSSCG00000004875,1,1,165902018,165937614,8473,165910490
CYB5A,ENSSSCG00000004875,1,1,165902018,165937614,8477,165910494
CYB5A,ENSSSCG00000004875,1,1,165902018,165937614,8532,165910549
CYB5A,ENSSSCG00000004875,1,1,165902018,165937614,8569,165910586
CYB5A,ENSSSCG00000004875,1,1,165902018,165937614,8578,165910595
CYB5A,ENSSSCG00000004875,1,1,165902018,165937614,8597,165910614
CYB5A,ENSSSCG00000004875,1,1,165902018,165937614,8689,165910706
CYB5A,ENSSSCG00000004875,1,1,165902018,165937614,8882,165910899
CYB5A,ENSSSCG00000004875,1,1,165902018,165937614,8912,165910929
CYB5A,ENSSSCG00000004875,1,1,165902018,165937614,8974,165910991
CYB5A,ENSSSCG00000004875,1,1,165902018,165937614,8987,165911004
CYB5A,ENSSSCG00000004875,1,1,165902018,165937614,9051,165911068
CYB5A,ENSSSCG00000004875,1,1,165902018,165937614,9087,165911104
CYB5A,ENSSSCG00000004875,1,1,165902018,165937614,9107,165911124
CYB5A,ENSSSCG00000004875,1,1,165902018,165937614,9114,165911131
CYB5A,ENSSSCG00000004875,1,1,165902018,165937614,9210,165911227
CYB5A,ENSSSCG00000004875,1,1,165902018,165937614,9224,165911241
CYB5A,ENSSSCG00000004875,1,1,165902018,165937614,9298,165911315
CYB5A,ENSSSCG00000004875,1,1,165902018,165937614,9402,165911419
CYB5A,ENSSSCG00000004875,1,1,165902018,165937614,9581,165911598
CYB5A,ENSSSCG00000004875,1,1,165902018,165937614,9652,165911669
CYB5A,ENSSSCG00000004875,1,1,165902018,165937614,9660,165911677
CYB5A,ENSSSCG00000004875,1,1,165902018,165937614,9715,165911732
CYB5A,ENSSSCG00000004875,1,1,165902018,165937614,9865,165911882
CYB5A,ENSSSCG00000004875,1,1,165902018,165937614,10034,165912051
CYB5A,ENSSSCG00000004875,1,1,165902018,165937614,10066,165912083
CYB5A,ENSSSCG00000004875,1,1,165902018,165937614,10129,165912146
CYB5A,ENSSSCG00000004875,1,1,165902018,165937614,10250,165912267
CYB5A,ENSSSCG00000004875,1,1,165902018,165937614,10416,165912433
CYB5A,ENSSSCG00000004875,1,1,165902018,165937614,10442,165912459
CYB5A,ENSSSCG00000004875,1,1,165902018,165937614,10488,165912505
CYB5A,ENSSSCG00000004875,1,1,165902018,165937614,10490,165912507
CYB5A,ENSSSCG00000004875,1,1,165902018,165937614,10502,165912519
CYB5A,ENSSSCG00000004875,1,1,165902018,165937614,10591,165912608
CYB5A,ENSSSCG00000004875,1,1,165902018,165937614,10661,165912678
CYB5A,ENSSSCG00000004875,1,1,165902018,165937614,10670,165912687
CYB5A,ENSSSCG00000004875,1,1,165902018,165937614,10734,165912751
CYB5A,ENSSSCG00000004875,1,1,165902018,165937614,10745,165912762
CYB5A,ENSSSCG00000004875,1,1,165902018,165937614,10827,165912844
CYB5A,ENSSSCG00000004875,1,1,165902018,165937614,10906,165912923
CYB5A,ENSSSCG00000004875,1,1,165902018,165937614,10928,165912945
CYB5A,ENSSSCG00000004875,1,1,165902018,165937614,10931,165912948
CYB5A,ENSSSCG00000004875,1,1,165902018,165937614,10993,165913010
CYB5A,ENSSSCG00000004875,1,1,165902018,165937614,11030,165913047
CYB5A,ENSSSCG00000004875,1,1,165902018,165937614,11063,165913080
CYB5A,ENSSSCG00000004875,1,1,165902018,165937614,11186,165913203
CYB5A,ENSSSCG00000004875,1,1,165902018,165937614,11269,165913286
CYB5A,ENSSSCG00000004875,1,1,165902018,165937614,11439,165913456
CYB5A,ENSSSCG00000004875,1,1,165902018,165937614,11557,165913574
CYB5A,ENSSSCG00000004875,1,1,165902018,165937614,11615,165913632
CYB5A,ENSSSCG00000004875,1,1,165902018,165937614,11694,165913711
CYB5A,ENSSSCG00000004875,1,1,165902018,165937614,11743,165913760
CYB5A,ENSSSCG00000004875,1,1,165902018,165937614,11792,165913809
CYB5A,ENSSSCG00000004875,1,1,165902018,165937614,11826,165913843
CYB5A,ENSSSCG00000004875,1,1,165902018,165937614,11929,165913946
CYB5A,ENSSSCG00000004875,1,1,165902018,165937614,12031,165914048
CYB5A,ENSSSCG00000004875,1,1,165902018,165937614,12104,165914121
CYB5A,ENSSSCG00000004875,1,1,165902018,165937614,12137,165914154
CYB5A,ENSSSCG00000004875,1,1,165902018,165937614,12178,165914195
CYB5A,ENSSSCG00000004875,1,1,165902018,165937614,12189,165914206
CYB5A,ENSSSCG00000004875,1,1,165902018,165937614,12212,165914229
CYB5A,ENSSSCG00000004875,1,1,165902018,165937614,12328,165914345
CYB5A,ENSSSCG00000004875,1,1,165902018,165937614,12345,165914362
CYB5A,ENSSSCG00000004875,1,1,165902018,165937614,12350,165914367
CYB5A,ENSSSCG00000004875,1,1,165902018,165937614,12351,165914368
CYB5A,ENSSSCG00000004875,1,1,165902018,165937614,12385,165914402
CYB5A,ENSSSCG00000004875,1,1,165902018,165937614,12416,165914433
CYB5A,ENSSSCG00000004875,1,1,165902018,165937614,12449,165914466
CYB5A,ENSSSCG00000004875,1,1,165902018,165937614,12597,165914614
CYB5A,ENSSSCG00000004875,1,1,165902018,165937614,12598,165914615
CYB5A,ENSSSCG00000004875,1,1,165902018,165937614,12648,165914665
CYB5A,ENSSSCG00000004875,1,1,165902018,165937614,12666,165914683
CYB5A,ENSSSCG00000004875,1,1,165902018,165937614,12732,165914749
CYB5A,ENSSSCG00000004875,1,1,165902018,165937614,12757,165914774
CYB5A,ENSSSCG00000004875,1,1,165902018,165937614,12787,165914804
CYB5A,ENSSSCG00000004875,1,1,165902018,165937614,12870,165914887
CYB5A,ENSSSCG00000004875,1,1,165902018,165937614,12874,165914891
CYB5A,ENSSSCG00000004875,1,1,165902018,165937614,12883,165914900
CYB5A,ENSSSCG00000004875,1,1,165902018,165937614,12906,165914923
CYB5A,ENSSSCG00000004875,1,1,165902018,165937614,12950,165914967
CYB5A,ENSSSCG00000004875,1,1,165902018,165937614,12956,165914973
CYB5A,ENSSSCG00000004875,1,1,165902018,165937614,13060,165915077
CYB5A,ENSSSCG00000004875,1,1,165902018,165937614,13069,165915086
CYB5A,ENSSSCG00000004875,1,1,165902018,165937614,13117,165915134
CYB5A,ENSSSCG00000004875,1,1,165902018,165937614,13256,165915273
CYB5A,ENSSSCG00000004875,1,1,165902018,165937614,13319,165915336
CYB5A,ENSSSCG00000004875,1,1,165902018,165937614,13341,165915358
CYB5A,ENSSSCG00000004875,1,1,165902018,165937614,13373,165915390
CYB5A,ENSSSCG00000004875,1,1,165902018,165937614,13386,165915403
CYB5A,ENSSSCG00000004875,1,1,165902018,165937614,13602,165915619
CYB5A,ENSSSCG00000004875,1,1,165902018,165937614,13619,165915636
CYB5A,ENSSSCG00000004875,1,1,165902018,165937614,13699,165915716
CYB5A,ENSSSCG00000004875,1,1,165902018,165937614,13731,165915748
CYB5A,ENSSSCG00000004875,1,1,165902018,165937614,13821,165915838
CYB5A,ENSSSCG00000004875,1,1,165902018,165937614,13852,165915869
CYB5A,ENSSSCG00000004875,1,1,165902018,165937614,13962,165915979
CYB5A,ENSSSCG00000004875,1,1,165902018,165937614,13998,165916015
CYB5A,ENSSSCG00000004875,1,1,165902018,165937614,14027,165916044
CYB5A,ENSSSCG00000004875,1,1,165902018,165937614,14083,165916100
CYB5A,ENSSSCG00000004875,1,1,165902018,165937614,14101,165916118
CYB5A,ENSSSCG00000004875,1,1,165902018,165937614,14175,165916192
CYB5A,ENSSSCG00000004875,1,1,165902018,165937614,14242,165916259
CYB5A,ENSSSCG00000004875,1,1,165902018,165937614,14371,165916388
CYB5A,ENSSSCG00000004875,1,1,165902018,165937614,14448,165916465
CYB5A,ENSSSCG00000004875,1,1,165902018,165937614,14469,165916486
CYB5A,ENSSSCG00000004875,1,1,165902018,165937614,14518,165916535
CYB5A,ENSSSCG00000004875,1,1,165902018,165937614,14532,165916549
CYB5A,ENSSSCG00000004875,1,1,165902018,165937614,14562,165916579
CYB5A,ENSSSCG00000004875,1,1,165902018,165937614,14563,165916580
CYB5A,ENSSSCG00000004875,1,1,165902018,165937614,14565,165916582
CYB5A,ENSSSCG00000004875,1,1,165902018,165937614,14665,165916682
CYB5A,ENSSSCG00000004875,1,1,165902018,165937614,14716,165916733
CYB5A,ENSSSCG00000004875,1,1,165902018,165937614,14769,165916786
CYB5A,ENSSSCG00000004875,1,1,165902018,165937614,14801,165916818
CYB5A,ENSSSCG00000004875,1,1,165902018,165937614,14899,165916916
CYB5A,ENSSSCG00000004875,1,1,165902018,165937614,14904,165916921
CYB5A,ENSSSCG00000004875,1,1,165902018,165937614,14939,165916956
CYB5A,ENSSSCG00000004875,1,1,165902018,165937614,14988,165917005
CYB5A,ENSSSCG00000004875,1,1,165902018,165937614,14993,165917010
CYB5A,ENSSSCG00000004875,1,1,165902018,165937614,15125,165917142
CYB5A,ENSSSCG00000004875,1,1,165902018,165937614,15274,165917291
CYB5A,ENSSSCG00000004875,1,1,165902018,165937614,15321,165917338
CYB5A,ENSSSCG00000004875,1,1,165902018,165937614,15400,165917417
CYB5A,ENSSSCG00000004875,1,1,165902018,165937614,15601,165917618
CYB5A,ENSSSCG00000004875,1,1,165902018,165937614,15622,165917639
CYB5A,ENSSSCG00000004875,1,1,165902018,165937614,15630,165917647
CYB5A,ENSSSCG00000004875,1,1,165902018,165937614,15725,165917742
CYB5A,ENSSSCG00000004875,1,1,165902018,165937614,15869,165917886
CYB5A,ENSSSCG00000004875,1,1,165902018,165937614,15870,165917887
CYB5A,ENSSSCG00000004875,1,1,165902018,165937614,15884,165917901
CYB5A,ENSSSCG00000004875,1,1,165902018,165937614,15899,165917916
CYB5A,ENSSSCG00000004875,1,1,165902018,165937614,15959,165917976
CYB5A,ENSSSCG00000004875,1,1,165902018,165937614,16059,165918076
CYB5A,ENSSSCG00000004875,1,1,165902018,165937614,16111,165918128
CYB5A,ENSSSCG00000004875,1,1,165902018,165937614,16204,165918221
CYB5A,ENSSSCG00000004875,1,1,165902018,165937614,16209,165918226
CYB5A,ENSSSCG00000004875,1,1,165902018,165937614,16281,165918298
CYB5A,ENSSSCG00000004875,1,1,165902018,165937614,16294,165918311
CYB5A,ENSSSCG00000004875,1,1,165902018,165937614,16339,165918356
CYB5A,ENSSSCG00000004875,1,1,165902018,165937614,16550,165918567
CYB5A,ENSSSCG00000004875,1,1,165902018,165937614,16604,165918621
CYB5A,ENSSSCG00000004875,1,1,165902018,165937614,16623,165918640
CYB5A,ENSSSCG00000004875,1,1,165902018,165937614,16637,165918654
CYB5A,ENSSSCG00000004875,1,1,165902018,165937614,16650,165918667
CYB5A,ENSSSCG00000004875,1,1,165902018,165937614,16664,165918681
CYB5A,ENSSSCG00000004875,1,1,165902018,165937614,16680,165918697
CYB5A,ENSSSCG00000004875,1,1,165902018,165937614,16703,165918720
CYB5A,ENSSSCG00000004875,1,1,165902018,165937614,16739,165918756
CYB5A,ENSSSCG00000004875,1,1,165902018,165937614,16824,165918841
CYB5A,ENSSSCG00000004875,1,1,165902018,165937614,16833,165918850
CYB5A,ENSSSCG00000004875,1,1,165902018,165937614,16900,165918917
CYB5A,ENSSSCG00000004875,1,1,165902018,165937614,17179,165919196
CYB5A,ENSSSCG00000004875,1,1,165902018,165937614,17217,165919234
CYB5A,ENSSSCG00000004875,1,1,165902018,165937614,17270,165919287
CYB5A,ENSSSCG00000004875,1,1,165902018,165937614,17281,165919298
CYB5A,ENSSSCG00000004875,1,1,165902018,165937614,17548,165919565
CYB5A,ENSSSCG00000004875,1,1,165902018,165937614,17635,165919652
CYB5A,ENSSSCG00000004875,1,1,165902018,165937614,17637,165919654
CYB5A,ENSSSCG00000004875,1,1,165902018,165937614,17725,165919742
CYB5A,ENSSSCG00000004875,1,1,165902018,165937614,17792,165919809
CYB5A,ENSSSCG00000004875,1,1,165902018,165937614,17842,165919859
CYB5A,ENSSSCG00000004875,1,1,165902018,165937614,17892,165919909
CYB5A,ENSSSCG00000004875,1,1,165902018,165937614,17935,165919952
CYB5A,ENSSSCG00000004875,1,1,165902018,165937614,18005,165920022
CYB5A,ENSSSCG00000004875,1,1,165902018,165937614,18072,165920089
CYB5A,ENSSSCG00000004875,1,1,165902018,165937614,18190,165920207
CYB5A,ENSSSCG00000004875,1,1,165902018,165937614,18283,165920300
CYB5A,ENSSSCG00000004875,1,1,165902018,165937614,18393,165920410
CYB5A,ENSSSCG00000004875,1,1,165902018,165937614,18554,165920571
CYB5A,ENSSSCG00000004875,1,1,165902018,165937614,18590,165920607
CYB5A,ENSSSCG00000004875,1,1,165902018,165937614,18623,165920640
CYB5A,ENSSSCG00000004875,1,1,165902018,165937614,18626,165920643
CYB5A,ENSSSCG00000004875,1,1,165902018,165937614,18670,165920687
CYB5A,ENSSSCG00000004875,1,1,165902018,165937614,18751,165920768
CYB5A,ENSSSCG00000004875,1,1,165902018,165937614,18759,165920776
CYB5A,ENSSSCG00000004875,1,1,165902018,165937614,18761,165920778
CYB5A,ENSSSCG00000004875,1,1,165902018,165937614,18774,165920791
CYB5A,ENSSSCG00000004875,1,1,165902018,165937614,18779,165920796
CYB5A,ENSSSCG00000004875,1,1,165902018,165937614,18889,165920906
CYB5A,ENSSSCG00000004875,1,1,165902018,165937614,18946,165920963
CYB5A,ENSSSCG00000004875,1,1,165902018,165937614,19006,165921023
CYB5A,ENSSSCG00000004875,1,1,165902018,165937614,19034,165921051
CYB5A,ENSSSCG00000004875,1,1,165902018,165937614,19060,165921077
CYB5A,ENSSSCG00000004875,1,1,165902018,165937614,19078,165921095
CYB5A,ENSSSCG00000004875,1,1,165902018,165937614,19087,165921104
CYB5A,ENSSSCG00000004875,1,1,165902018,165937614,19091,165921108
CYB5A,ENSSSCG00000004875,1,1,165902018,165937614,19228,165921245
CYB5A,ENSSSCG00000004875,1,1,165902018,165937614,19309,165921326
CYB5A,ENSSSCG00000004875,1,1,165902018,165937614,19449,165921466
CYB5A,ENSSSCG00000004875,1,1,165902018,165937614,19475,165921492
CYB5A,ENSSSCG00000004875,1,1,165902018,165937614,19497,165921514
CYB5A,ENSSSCG00000004875,1,1,165902018,165937614,19500,165921517
CYB5A,ENSSSCG00000004875,1,1,165902018,165937614,19502,165921519
CYB5A,ENSSSCG00000004875,1,1,165902018,165937614,19536,165921553
CYB5A,ENSSSCG00000004875,1,1,165902018,165937614,19564,165921581
CYB5A,ENSSSCG00000004875,1,1,165902018,165937614,19637,165921654
CYB5A,ENSSSCG00000004875,1,1,165902018,165937614,19861,165921878
CYB5A,ENSSSCG00000004875,1,1,165902018,165937614,19879,165921896
CYB5A,ENSSSCG00000004875,1,1,165902018,165937614,19884,165921901
CYB5A,ENSSSCG00000004875,1,1,165902018,165937614,19995,165922012
CYB5A,ENSSSCG00000004875,1,1,165902018,165937614,20053,165922070
CYB5A,ENSSSCG00000004875,1,1,165902018,165937614,20061,165922078
CYB5A,ENSSSCG00000004875,1,1,165902018,165937614,20139,165922156
CYB5A,ENSSSCG00000004875,1,1,165902018,165937614,20140,165922157
CYB5A,ENSSSCG00000004875,1,1,165902018,165937614,20168,165922185
CYB5A,ENSSSCG00000004875,1,1,165902018,165937614,20186,165922203
CYB5A,ENSSSCG00000004875,1,1,165902018,165937614,20190,165922207
CYB5A,ENSSSCG00000004875,1,1,165902018,165937614,20253,165922270
CYB5A,ENSSSCG00000004875,1,1,165902018,165937614,20292,165922309
CYB5A,ENSSSCG00000004875,1,1,165902018,165937614,20360,165922377
CYB5A,ENSSSCG00000004875,1,1,165902018,165937614,20494,165922511
CYB5A,ENSSSCG00000004875,1,1,165902018,165937614,20651,165922668
CYB5A,ENSSSCG00000004875,1,1,165902018,165937614,20697,165922714
CYB5A,ENSSSCG00000004875,1,1,165902018,165937614,20699,165922716
CYB5A,ENSSSCG00000004875,1,1,165902018,165937614,21113,165923130
CYB5A,ENSSSCG00000004875,1,1,165902018,165937614,21311,165923328
CYB5A,ENSSSCG00000004875,1,1,165902018,165937614,21314,165923331
CYB5A,ENSSSCG00000004875,1,1,165902018,165937614,21319,165923336
CYB5A,ENSSSCG00000004875,1,1,165902018,165937614,21360,165923377
CYB5A,ENSSSCG00000004875,1,1,165902018,165937614,21365,165923382
CYB5A,ENSSSCG00000004875,1,1,165902018,165937614,21376,165923393
CYB5A,ENSSSCG00000004875,1,1,165902018,165937614,21404,165923421
CYB5A,ENSSSCG00000004875,1,1,165902018,165937614,21441,165923458
CYB5A,ENSSSCG00000004875,1,1,165902018,165937614,21457,165923474
CYB5A,ENSSSCG00000004875,1,1,165902018,165937614,21480,165923497
CYB5A,ENSSSCG00000004875,1,1,165902018,165937614,21508,165923525
CYB5A,ENSSSCG00000004875,1,1,165902018,165937614,21547,165923564
CYB5A,ENSSSCG00000004875,1,1,165902018,165937614,21582,165923599
CYB5A,ENSSSCG00000004875,1,1,165902018,165937614,21583,165923600
CYB5A,ENSSSCG00000004875,1,1,165902018,165937614,21631,165923648
CYB5A,ENSSSCG00000004875,1,1,165902018,165937614,21762,165923779
CYB5A,ENSSSCG00000004875,1,1,165902018,165937614,21781,165923798
CYB5A,ENSSSCG00000004875,1,1,165902018,165937614,21785,165923802
CYB5A,ENSSSCG00000004875,1,1,165902018,165937614,21797,165923814
CYB5A,ENSSSCG00000004875,1,1,165902018,165937614,21822,165923839
CYB5A,ENSSSCG00000004875,1,1,165902018,165937614,21832,165923849
CYB5A,ENSSSCG00000004875,1,1,165902018,165937614,21977,165923994
CYB5A,ENSSSCG00000004875,1,1,165902018,165937614,22001,165924018
CYB5A,ENSSSCG00000004875,1,1,165902018,165937614,22038,165924055
CYB5A,ENSSSCG00000004875,1,1,165902018,165937614,22083,165924100
CYB5A,ENSSSCG00000004875,1,1,165902018,165937614,22122,165924139
CYB5A,ENSSSCG00000004875,1,1,165902018,165937614,22127,165924144
CYB5A,ENSSSCG00000004875,1,1,165902018,165937614,22204,165924221
CYB5A,ENSSSCG00000004875,1,1,165902018,165937614,22240,165924257
CYB5A,ENSSSCG00000004875,1,1,165902018,165937614,22390,165924407
CYB5A,ENSSSCG00000004875,1,1,165902018,165937614,22394,165924411
CYB5A,ENSSSCG00000004875,1,1,165902018,165937614,22462,165924479
CYB5A,ENSSSCG00000004875,1,1,165902018,165937614,22484,165924501
CYB5A,ENSSSCG00000004875,1,1,165902018,165937614,22523,165924540
CYB5A,ENSSSCG00000004875,1,1,165902018,165937614,22587,165924604
CYB5A,ENSSSCG00000004875,1,1,165902018,165937614,22588,165924605
CYB5A,ENSSSCG00000004875,1,1,165902018,165937614,22629,165924646
CYB5A,ENSSSCG00000004875,1,1,165902018,165937614,22638,165924655
CYB5A,ENSSSCG00000004875,1,1,165902018,165937614,22667,165924684
CYB5A,ENSSSCG00000004875,1,1,165902018,165937614,22681,165924698
CYB5A,ENSSSCG00000004875,1,1,165902018,165937614,22704,165924721
CYB5A,ENSSSCG00000004875,1,1,165902018,165937614,22777,165924794
CYB5A,ENSSSCG00000004875,1,1,165902018,165937614,22932,165924949
CYB5A,ENSSSCG00000004875,1,1,165902018,165937614,22988,165925005
CYB5A,ENSSSCG00000004875,1,1,165902018,165937614,23058,165925075
CYB5A,ENSSSCG00000004875,1,1,165902018,165937614,23125,165925142
CYB5A,ENSSSCG00000004875,1,1,165902018,165937614,23191,165925208
CYB5A,ENSSSCG00000004875,1,1,165902018,165937614,23192,165925209
CYB5A,ENSSSCG00000004875,1,1,165902018,165937614,23277,165925294
CYB5A,ENSSSCG00000004875,1,1,165902018,165937614,23304,165925321
CYB5A,ENSSSCG00000004875,1,1,165902018,165937614,23322,165925339
CYB5A,ENSSSCG00000004875,1,1,165902018,165937614,23360,165925377
CYB5A,ENSSSCG00000004875,1,1,165902018,165937614,23428,165925445
CYB5A,ENSSSCG00000004875,1,1,165902018,165937614,23554,165925571
CYB5A,ENSSSCG00000004875,1,1,165902018,165937614,23568,165925585
CYB5A,ENSSSCG00000004875,1,1,165902018,165937614,23590,165925607
CYB5A,ENSSSCG00000004875,1,1,165902018,165937614,23622,165925639
CYB5A,ENSSSCG00000004875,1,1,165902018,165937614,23653,165925670
CYB5A,ENSSSCG00000004875,1,1,165902018,165937614,23692,165925709
CYB5A,ENSSSCG00000004875,1,1,165902018,165937614,23831,165925848
CYB5A,ENSSSCG00000004875,1,1,165902018,165937614,23901,165925918
CYB5A,ENSSSCG00000004875,1,1,165902018,165937614,23926,165925943
CYB5A,ENSSSCG00000004875,1,1,165902018,165937614,23980,165925997
CYB5A,ENSSSCG00000004875,1,1,165902018,165937614,24084,165926101
CYB5A,ENSSSCG00000004875,1,1,165902018,165937614,24219,165926236
CYB5A,ENSSSCG00000004875,1,1,165902018,165937614,24275,165926292
CYB5A,ENSSSCG00000004875,1,1,165902018,165937614,24316,165926333
CYB5A,ENSSSCG00000004875,1,1,165902018,165937614,24339,165926356
CYB5A,ENSSSCG00000004875,1,1,165902018,165937614,24415,165926432
CYB5A,ENSSSCG00000004875,1,1,165902018,165937614,24437,165926454
CYB5A,ENSSSCG00000004875,1,1,165902018,165937614,24480,165926497
CYB5A,ENSSSCG00000004875,1,1,165902018,165937614,24531,165926548
CYB5A,ENSSSCG00000004875,1,1,165902018,165937614,24570,165926587
CYB5A,ENSSSCG00000004875,1,1,165902018,165937614,24589,165926606
CYB5A,ENSSSCG00000004875,1,1,165902018,165937614,24755,165926772
CYB5A,ENSSSCG00000004875,1,1,165902018,165937614,24870,165926887
CYB5A,ENSSSCG00000004875,1,1,165902018,165937614,24970,165926987
CYB5A,ENSSSCG00000004875,1,1,165902018,165937614,24975,165926992
CYB5A,ENSSSCG00000004875,1,1,165902018,165937614,25042,165927059
CYB5A,ENSSSCG00000004875,1,1,165902018,165937614,25097,165927114
CYB5A,ENSSSCG00000004875,1,1,165902018,165937614,25107,165927124
CYB5A,ENSSSCG00000004875,1,1,165902018,165937614,25277,165927294
CYB5A,ENSSSCG00000004875,1,1,165902018,165937614,25325,165927342
CYB5A,ENSSSCG00000004875,1,1,165902018,165937614,25336,165927353
CYB5A,ENSSSCG00000004875,1,1,165902018,165937614,25338,165927355
CYB5A,ENSSSCG00000004875,1,1,165902018,165937614,25386,165927403
CYB5A,ENSSSCG00000004875,1,1,165902018,165937614,25405,165927422
CYB5A,ENSSSCG00000004875,1,1,165902018,165937614,25416,165927433
CYB5A,ENSSSCG00000004875,1,1,165902018,165937614,25526,165927543
CYB5A,ENSSSCG00000004875,1,1,165902018,165937614,25528,165927545
CYB5A,ENSSSCG00000004875,1,1,165902018,165937614,25529,165927546
CYB5A,ENSSSCG00000004875,1,1,165902018,165937614,25530,165927547
CYB5A,ENSSSCG00000004875,1,1,165902018,165937614,25639,165927656
CYB5A,ENSSSCG00000004875,1,1,165902018,165937614,25701,165927718
CYB5A,ENSSSCG00000004875,1,1,165902018,165937614,25786,165927803
CYB5A,ENSSSCG00000004875,1,1,165902018,165937614,25859,165927876
CYB5A,ENSSSCG00000004875,1,1,165902018,165937614,25978,165927995
CYB5A,ENSSSCG00000004875,1,1,165902018,165937614,26002,165928019
CYB5A,ENSSSCG00000004875,1,1,165902018,165937614,26171,165928188
CYB5A,ENSSSCG00000004875,1,1,165902018,165937614,26288,165928305
CYB5A,ENSSSCG00000004875,1,1,165902018,165937614,26354,165928371
CYB5A,ENSSSCG00000004875,1,1,165902018,165937614,26497,165928514
CYB5A,ENSSSCG00000004875,1,1,165902018,165937614,26498,165928515
CYB5A,ENSSSCG00000004875,1,1,165902018,165937614,26513,165928530
CYB5A,ENSSSCG00000004875,1,1,165902018,165937614,26514,165928531
CYB5A,ENSSSCG00000004875,1,1,165902018,165937614,26533,165928550
CYB5A,ENSSSCG00000004875,1,1,165902018,165937614,26662,165928679
CYB5A,ENSSSCG00000004875,1,1,165902018,165937614,26771,165928788
CYB5A,ENSSSCG00000004875,1,1,165902018,165937614,26814,165928831
CYB5A,ENSSSCG00000004875,1,1,165902018,165937614,26868,165928885
CYB5A,ENSSSCG00000004875,1,1,165902018,165937614,27000,165929017
CYB5A,ENSSSCG00000004875,1,1,165902018,165937614,27032,165929049
CYB5A,ENSSSCG00000004875,1,1,165902018,165937614,27052,165929069
CYB5A,ENSSSCG00000004875,1,1,165902018,165937614,27066,165929083
CYB5A,ENSSSCG00000004875,1,1,165902018,165937614,27122,165929139
CYB5A,ENSSSCG00000004875,1,1,165902018,165937614,27137,165929154
CYB5A,ENSSSCG00000004875,1,1,165902018,165937614,27139,165929156
CYB5A,ENSSSCG00000004875,1,1,165902018,165937614,27143,165929160
CYB5A,ENSSSCG00000004875,1,1,165902018,165937614,27144,165929161
CYB5A,ENSSSCG00000004875,1,1,165902018,165937614,27222,165929239
CYB5A,ENSSSCG00000004875,1,1,165902018,165937614,27346,165929363
CYB5A,ENSSSCG00000004875,1,1,165902018,165937614,27367,165929384
CYB5A,ENSSSCG00000004875,1,1,165902018,165937614,27374,165929391
CYB5A,ENSSSCG00000004875,1,1,165902018,165937614,27426,165929443
CYB5A,ENSSSCG00000004875,1,1,165902018,165937614,27427,165929444
CYB5A,ENSSSCG00000004875,1,1,165902018,165937614,27465,165929482
CYB5A,ENSSSCG00000004875,1,1,165902018,165937614,27514,165929531
CYB5A,ENSSSCG00000004875,1,1,165902018,165937614,27598,165929615
CYB5A,ENSSSCG00000004875,1,1,165902018,165937614,27611,165929628
CYB5A,ENSSSCG00000004875,1,1,165902018,165937614,27682,165929699
CYB5A,ENSSSCG00000004875,1,1,165902018,165937614,27721,165929738
CYB5A,ENSSSCG00000004875,1,1,165902018,165937614,27990,165930007
CYB5A,ENSSSCG00000004875,1,1,165902018,165937614,28006,165930023
CYB5A,ENSSSCG00000004875,1,1,165902018,165937614,28175,165930192
CYB5A,ENSSSCG00000004875,1,1,165902018,165937614,28212,165930229
CYB5A,ENSSSCG00000004875,1,1,165902018,165937614,28299,165930316
CYB5A,ENSSSCG00000004875,1,1,165902018,165937614,28320,165930337
CYB5A,ENSSSCG00000004875,1,1,165902018,165937614,28349,165930366
CYB5A,ENSSSCG00000004875,1,1,165902018,165937614,28369,165930386
CYB5A,ENSSSCG00000004875,1,1,165902018,165937614,28416,165930433
CYB5A,ENSSSCG00000004875,1,1,165902018,165937614,28426,165930443
CYB5A,ENSSSCG00000004875,1,1,165902018,165937614,28684,165930701
CYB5A,ENSSSCG00000004875,1,1,165902018,165937614,28817,165930834
CYB5A,ENSSSCG00000004875,1,1,165902018,165937614,28968,165930985
CYB5A,ENSSSCG00000004875,1,1,165902018,165937614,29305,165931322
CYB5A,ENSSSCG00000004875,1,1,165902018,165937614,29320,165931337
CYB5A,ENSSSCG00000004875,1,1,165902018,165937614,29352,165931369
CYB5A,ENSSSCG00000004875,1,1,165902018,165937614,29446,165931463
CYB5A,ENSSSCG00000004875,1,1,165902018,165937614,29462,165931479
CYB5A,ENSSSCG00000004875,1,1,165902018,165937614,29649,165931666
CYB5A,ENSSSCG00000004875,1,1,165902018,165937614,29811,165931828
CYB5A,ENSSSCG00000004875,1,1,165902018,165937614,30074,165932091
CYB5A,ENSSSCG00000004875,1,1,165902018,165937614,30286,165932303
CYB5A,ENSSSCG00000004875,1,1,165902018,165937614,30312,165932329
CYB5A,ENSSSCG00000004875,1,1,165902018,165937614,30475,165932492
CYB5A,ENSSSCG00000004875,1,1,165902018,165937614,30517,165932534
CYB5A,ENSSSCG00000004875,1,1,165902018,165937614,30542,165932559
CYB5A,ENSSSCG00000004875,1,1,165902018,165937614,30594,165932611
CYB5A,ENSSSCG00000004875,1,1,165902018,165937614,30596,165932613
CYB5A,ENSSSCG00000004875,1,1,165902018,165937614,30650,165932667
CYB5A,ENSSSCG00000004875,1,1,165902018,165937614,30709,165932726
CYB5A,ENSSSCG00000004875,1,1,165902018,165937614,30811,165932828
CYB5A,ENSSSCG00000004875,1,1,165902018,165937614,30834,165932851
CYB5A,ENSSSCG00000004875,1,1,165902018,165937614,30848,165932865
CYB5A,ENSSSCG00000004875,1,1,165902018,165937614,30870,165932887
CYB5A,ENSSSCG00000004875,1,1,165902018,165937614,30896,165932913
CYB5A,ENSSSCG00000004875,1,1,165902018,165937614,30953,165932970
CYB5A,ENSSSCG00000004875,1,1,165902018,165937614,30962,165932979
CYB5A,ENSSSCG00000004875,1,1,165902018,165937614,30971,165932988
CYB5A,ENSSSCG00000004875,1,1,165902018,165937614,30999,165933016
CYB5A,ENSSSCG00000004875,1,1,165902018,165937614,31004,165933021
CYB5A,ENSSSCG00000004875,1,1,165902018,165937614,31209,165933226
CYB5A,ENSSSCG00000004875,1,1,165902018,165937614,31228,165933245
CYB5A,ENSSSCG00000004875,1,1,165902018,165937614,31309,165933326
CYB5A,ENSSSCG00000004875,1,1,165902018,165937614,31335,165933352
CYB5A,ENSSSCG00000004875,1,1,165902018,165937614,31426,165933443
CYB5A,ENSSSCG00000004875,1,1,165902018,165937614,31437,165933454
CYB5A,ENSSSCG00000004875,1,1,165902018,165937614,31465,165933482
CYB5A,ENSSSCG00000004875,1,1,165902018,165937614,31484,165933501
CYB5A,ENSSSCG00000004875,1,1,165902018,165937614,31585,165933602
CYB5A,ENSSSCG00000004875,1,1,165902018,165937614,31611,165933628
CYB5A,ENSSSCG00000004875,1,1,165902018,165937614,31636,165933653
CYB5A,ENSSSCG00000004875,1,1,165902018,165937614,31798,165933815
CYB5A,ENSSSCG00000004875,1,1,165902018,165937614,31867,165933884
CYB5A,ENSSSCG00000004875,1,1,165902018,165937614,31887,165933904
CYB5A,ENSSSCG00000004875,1,1,165902018,165937614,31962,165933979
CYB5A,ENSSSCG00000004875,1,1,165902018,165937614,31980,165933997
CYB5A,ENSSSCG00000004875,1,1,165902018,165937614,32117,165934134
CYB5A,ENSSSCG00000004875,1,1,165902018,165937614,32120,165934137
CYB5A,ENSSSCG00000004875,1,1,165902018,165937614,32189,165934206
CYB5A,ENSSSCG00000004875,1,1,165902018,165937614,32245,165934262
CYB5A,ENSSSCG00000004875,1,1,165902018,165937614,32391,165934408
CYB5A,ENSSSCG00000004875,1,1,165902018,165937614,32392,165934409
CYB5A,ENSSSCG00000004875,1,1,165902018,165937614,32393,165934410
CYB5A,ENSSSCG00000004875,1,1,165902018,165937614,32401,165934418
CYB5A,ENSSSCG00000004875,1,1,165902018,165937614,32462,165934479
CYB5A,ENSSSCG00000004875,1,1,165902018,165937614,32494,165934511
CYB5A,ENSSSCG00000004875,1,1,165902018,165937614,32680,165934697
CYB5A,ENSSSCG00000004875,1,1,165902018,165937614,32692,165934709
CYB5A,ENSSSCG00000004875,1,1,165902018,165937614,32708,165934725
CYB5A,ENSSSCG00000004875,1,1,165902018,165937614,32814,165934831
CYB5A,ENSSSCG00000004875,1,1,165902018,165937614,32954,165934971
CYB5A,ENSSSCG00000004875,1,1,165902018,165937614,33016,165935033
CYB5A,ENSSSCG00000004875,1,1,165902018,165937614,33039,165935056
CYB5A,ENSSSCG00000004875,1,1,165902018,165937614,33155,165935172
CYB5A,ENSSSCG00000004875,1,1,165902018,165937614,33181,165935198
CYB5A,ENSSSCG00000004875,1,1,165902018,165937614,33234,165935251
CYB5A,ENSSSCG00000004875,1,1,165902018,165937614,33246,165935263
CYB5A,ENSSSCG00000004875,1,1,165902018,165937614,33274,165935291
CYB5A,ENSSSCG00000004875,1,1,165902018,165937614,33306,165935323
CYB5A,ENSSSCG00000004875,1,1,165902018,165937614,33337,165935354
CYB5A,ENSSSCG00000004875,1,1,165902018,165937614,33479,165935496
CYB5A,ENSSSCG00000004875,1,1,165902018,165937614,33492,165935509
CYB5A,ENSSSCG00000004875,1,1,165902018,165937614,33521,165935538
CYB5A,ENSSSCG00000004875,1,1,165902018,165937614,33561,165935578
CYB5A,ENSSSCG00000004875,1,1,165902018,165937614,33571,165935588
CYB5A,ENSSSCG00000004875,1,1,165902018,165937614,33578,165935595
CYB5A,ENSSSCG00000004875,1,1,165902018,165937614,33644,165935661
CYB5A,ENSSSCG00000004875,1,1,165902018,165937614,33668,165935685
CYB5A,ENSSSCG00000004875,1,1,165902018,165937614,33671,165935688
CYB5A,ENSSSCG00000004875,1,1,165902018,165937614,33675,165935692
CYB5A,ENSSSCG00000004875,1,1,165902018,165937614,33707,165935724
CYB5A,ENSSSCG00000004875,1,1,165902018,165937614,33717,165935734
CYB5A,ENSSSCG00000004875,1,1,165902018,165937614,33809,165935826
CYB5A,ENSSSCG00000004875,1,1,165902018,165937614,33825,165935842
CYB5A,ENSSSCG00000004875,1,1,165902018,165937614,33832,165935849
CYB5A,ENSSSCG00000004875,1,1,165902018,165937614,33848,165935865
CYB5A,ENSSSCG00000004875,1,1,165902018,165937614,33886,165935903
CYB5A,ENSSSCG00000004875,1,1,165902018,165937614,33928,165935945
CYB5A,ENSSSCG00000004875,1,1,165902018,165937614,33980,165935997
CYB5A,ENSSSCG00000004875,1,1,165902018,165937614,34005,165936022
CYB5A,ENSSSCG00000004875,1,1,165902018,165937614,34050,165936067
CYB5A,ENSSSCG00000004875,1,1,165902018,165937614,34066,165936083
CYB5A,ENSSSCG00000004875,1,1,165902018,165937614,34104,165936121
CYB5A,ENSSSCG00000004875,1,1,165902018,165937614,34221,165936238
CYB5A,ENSSSCG00000004875,1,1,165902018,165937614,34352,165936369
CYB5A,ENSSSCG00000004875,1,1,165902018,165937614,34488,165936505
CYB5A,ENSSSCG00000004875,1,1,165902018,165937614,34526,165936543
CYB5A,ENSSSCG00000004875,1,1,165902018,165937614,34527,165936544
CYB5A,ENSSSCG00000004875,1,1,165902018,165937614,34608,165936625
CYB5A,ENSSSCG00000004875,1,1,165902018,165937614,34638,165936655
CYB5A,ENSSSCG00000004875,1,1,165902018,165937614,34729,165936746
CYB5A,ENSSSCG00000004875,1,1,165902018,165937614,34741,165936758
CYB5A,ENSSSCG00000004875,1,1,165902018,165937614,34822,165936839
CYB5A,ENSSSCG00000004875,1,1,165902018,165937614,34860,165936877
CYB5A,ENSSSCG00000004875,1,1,165902018,165937614,34866,165936883
CYB5A,ENSSSCG00000004875,1,1,165902018,165937614,34890,165936907
CYB5A,ENSSSCG00000004875,1,1,165902018,165937614,34907,165936924
CYB5A,ENSSSCG00000004875,1,1,165902018,165937614,34954,165936971
CYB5A,ENSSSCG00000004875,1,1,165902018,165937614,34990,165937007
CYB5A,ENSSSCG00000004875,1,1,165902018,165937614,34991,165937008
CYB5A,ENSSSCG00000004875,1,1,165902018,165937614,34993,165937010
CYB5A,ENSSSCG00000004875,1,1,165902018,165937614,35140,165937157
CYB5A,ENSSSCG00000004875,1,1,165902018,165937614,35443,165937460
CYB5A,ENSSSCG00000004875,1,1,165902018,165937614,35477,165937494
CYB5A,ENSSSCG00000004875,1,1,165902018,165937614,35591,165937608
CYP2E1,ENSSSCG00000010780,14,1,153477961,153490404,82,153478042
CYP2E1,ENSSSCG00000010780,14,1,153477961,153490404,102,153478062
CYP2E1,ENSSSCG00000010780,14,1,153477961,153490404,156,153478116
CYP2E1,ENSSSCG00000010780,14,1,153477961,153490404,182,153478142
CYP2E1,ENSSSCG00000010780,14,1,153477961,153490404,190,153478150
CYP2E1,ENSSSCG00000010780,14,1,153477961,153490404,334,153478294
CYP2E1,ENSSSCG00000010780,14,1,153477961,153490404,346,153478306
CYP2E1,ENSSSCG00000010780,14,1,153477961,153490404,348,153478308
CYP2E1,ENSSSCG00000010780,14,1,153477961,153490404,361,153478321
CYP2E1,ENSSSCG00000010780,14,1,153477961,153490404,383,153478343
CYP2E1,ENSSSCG00000010780,14,1,153477961,153490404,560,153478520
CYP2E1,ENSSSCG00000010780,14,1,153477961,153490404,575,153478535
CYP2E1,ENSSSCG00000010780,14,1,153477961,153490404,584,153478544
CYP2E1,ENSSSCG00000010780,14,1,153477961,153490404,616,153478576
CYP2E1,ENSSSCG00000010780,14,1,153477961,153490404,658,153478618
CYP2E1,ENSSSCG00000010780,14,1,153477961,153490404,732,153478692
CYP2E1,ENSSSCG00000010780,14,1,153477961,153490404,880,153478840
CYP2E1,ENSSSCG00000010780,14,1,153477961,153490404,907,153478867
CYP2E1,ENSSSCG00000010780,14,1,153477961,153490404,1072,153479032
CYP2E1,ENSSSCG00000010780,14,1,153477961,153490404,1107,153479067
CYP2E1,ENSSSCG00000010780,14,1,153477961,153490404,1123,153479083
CYP2E1,ENSSSCG00000010780,14,1,153477961,153490404,1199,153479159
CYP2E1,ENSSSCG00000010780,14,1,153477961,153490404,1277,153479237
CYP2E1,ENSSSCG00000010780,14,1,153477961,153490404,1384,153479344
CYP2E1,ENSSSCG00000010780,14,1,153477961,153490404,1541,153479501
CYP2E1,ENSSSCG00000010780,14,1,153477961,153490404,1614,153479574
CYP2E1,ENSSSCG00000010780,14,1,153477961,153490404,1661,153479621
CYP2E1,ENSSSCG00000010780,14,1,153477961,153490404,1662,153479622
CYP2E1,ENSSSCG00000010780,14,1,153477961,153490404,1703,153479663
CYP2E1,ENSSSCG00000010780,14,1,153477961,153490404,1709,153479669
CYP2E1,ENSSSCG00000010780,14,1,153477961,153490404,2084,153480044
CYP2E1,ENSSSCG00000010780,14,1,153477961,153490404,2174,153480134
CYP2E1,ENSSSCG00000010780,14,1,153477961,153490404,2191,153480151
CYP2E1,ENSSSCG00000010780,14,1,153477961,153490404,2220,153480180
CYP2E1,ENSSSCG00000010780,14,1,153477961,153490404,2248,153480208
CYP2E1,ENSSSCG00000010780,14,1,153477961,153490404,2333,153480293
CYP2E1,ENSSSCG00000010780,14,1,153477961,153490404,2406,153480366
CYP2E1,ENSSSCG00000010780,14,1,153477961,153490404,2422,153480382
CYP2E1,ENSSSCG00000010780,14,1,153477961,153490404,2513,153480473
CYP2E1,ENSSSCG00000010780,14,1,153477961,153490404,2527,153480487
CYP2E1,ENSSSCG00000010780,14,1,153477961,153490404,2837,153480797
CYP2E1,ENSSSCG00000010780,14,1,153477961,153490404,2838,153480798
CYP2E1,ENSSSCG00000010780,14,1,153477961,153490404,2992,153480952
CYP2E1,ENSSSCG00000010780,14,1,153477961,153490404,2998,153480958
CYP2E1,ENSSSCG00000010780,14,1,153477961,153490404,3116,153481076
CYP2E1,ENSSSCG00000010780,14,1,153477961,153490404,3212,153481172
CYP2E1,ENSSSCG00000010780,14,1,153477961,153490404,3258,153481218
CYP2E1,ENSSSCG00000010780,14,1,153477961,153490404,3377,153481337
CYP2E1,ENSSSCG00000010780,14,1,153477961,153490404,3417,153481377
CYP2E1,ENSSSCG00000010780,14,1,153477961,153490404,3438,153481398
CYP2E1,ENSSSCG00000010780,14,1,153477961,153490404,3468,153481428
CYP2E1,ENSSSCG00000010780,14,1,153477961,153490404,3487,153481447
CYP2E1,ENSSSCG00000010780,14,1,153477961,153490404,3488,153481448
CYP2E1,ENSSSCG00000010780,14,1,153477961,153490404,3489,153481449
CYP2E1,ENSSSCG00000010780,14,1,153477961,153490404,3499,153481459
CYP2E1,ENSSSCG00000010780,14,1,153477961,153490404,3535,153481495
CYP2E1,ENSSSCG00000010780,14,1,153477961,153490404,3609,153481569
CYP2E1,ENSSSCG00000010780,14,1,153477961,153490404,3613,153481573
CYP2E1,ENSSSCG00000010780,14,1,153477961,153490404,3729,153481689
CYP2E1,ENSSSCG00000010780,14,1,153477961,153490404,3776,153481736
CYP2E1,ENSSSCG00000010780,14,1,153477961,153490404,3796,153481756
CYP2E1,ENSSSCG00000010780,14,1,153477961,153490404,3832,153481792
CYP2E1,ENSSSCG00000010780,14,1,153477961,153490404,3852,153481812
CYP2E1,ENSSSCG00000010780,14,1,153477961,153490404,3867,153481827
CYP2E1,ENSSSCG00000010780,14,1,153477961,153490404,3883,153481843
CYP2E1,ENSSSCG00000010780,14,1,153477961,153490404,3927,153481887
CYP2E1,ENSSSCG00000010780,14,1,153477961,153490404,3948,153481908
CYP2E1,ENSSSCG00000010780,14,1,153477961,153490404,3954,153481914
CYP2E1,ENSSSCG00000010780,14,1,153477961,153490404,3969,153481929
CYP2E1,ENSSSCG00000010780,14,1,153477961,153490404,3973,153481933
CYP2E1,ENSSSCG00000010780,14,1,153477961,153490404,4026,153481986
CYP2E1,ENSSSCG00000010780,14,1,153477961,153490404,4029,153481989
CYP2E1,ENSSSCG00000010780,14,1,153477961,153490404,4149,153482109
CYP2E1,ENSSSCG00000010780,14,1,153477961,153490404,4307,153482267
CYP2E1,ENSSSCG00000010780,14,1,153477961,153490404,4376,153482336
CYP2E1,ENSSSCG00000010780,14,1,153477961,153490404,4433,153482393
CYP2E1,ENSSSCG00000010780,14,1,153477961,153490404,4459,153482419
CYP2E1,ENSSSCG00000010780,14,1,153477961,153490404,4514,153482474
CYP2E1,ENSSSCG00000010780,14,1,153477961,153490404,4515,153482475
CYP2E1,ENSSSCG00000010780,14,1,153477961,153490404,4540,153482500
CYP2E1,ENSSSCG00000010780,14,1,153477961,153490404,4564,153482524
CYP2E1,ENSSSCG00000010780,14,1,153477961,153490404,4594,153482554
CYP2E1,ENSSSCG00000010780,14,1,153477961,153490404,4649,153482609
CYP2E1,ENSSSCG00000010780,14,1,153477961,153490404,4704,153482664
CYP2E1,ENSSSCG00000010780,14,1,153477961,153490404,4723,153482683
CYP2E1,ENSSSCG00000010780,14,1,153477961,153490404,4810,153482770
CYP2E1,ENSSSCG00000010780,14,1,153477961,153490404,4812,153482772
CYP2E1,ENSSSCG00000010780,14,1,153477961,153490404,5044,153483004
CYP2E1,ENSSSCG00000010780,14,1,153477961,153490404,5063,153483023
CYP2E1,ENSSSCG00000010780,14,1,153477961,153490404,5104,153483064
CYP2E1,ENSSSCG00000010780,14,1,153477961,153490404,5109,153483069
CYP2E1,ENSSSCG00000010780,14,1,153477961,153490404,5221,153483181
CYP2E1,ENSSSCG00000010780,14,1,153477961,153490404,5274,153483234
CYP2E1,ENSSSCG00000010780,14,1,153477961,153490404,5446,153483406
CYP2E1,ENSSSCG00000010780,14,1,153477961,153490404,5449,153483409
CYP2E1,ENSSSCG00000010780,14,1,153477961,153490404,5450,153483410
CYP2E1,ENSSSCG00000010780,14,1,153477961,153490404,5484,153483444
CYP2E1,ENSSSCG00000010780,14,1,153477961,153490404,5526,153483486
CYP2E1,ENSSSCG00000010780,14,1,153477961,153490404,5621,153483581
CYP2E1,ENSSSCG00000010780,14,1,153477961,153490404,5640,153483600
CYP2E1,ENSSSCG00000010780,14,1,153477961,153490404,5642,153483602
CYP2E1,ENSSSCG00000010780,14,1,153477961,153490404,5644,153483604
CYP2E1,ENSSSCG00000010780,14,1,153477961,153490404,5676,153483636
CYP2E1,ENSSSCG00000010780,14,1,153477961,153490404,5690,153483650
CYP2E1,ENSSSCG00000010780,14,1,153477961,153490404,5694,153483654
CYP2E1,ENSSSCG00000010780,14,1,153477961,153490404,5725,153483685
CYP2E1,ENSSSCG00000010780,14,1,153477961,153490404,5808,153483768
CYP2E1,ENSSSCG00000010780,14,1,153477961,153490404,5814,153483774
CYP2E1,ENSSSCG00000010780,14,1,153477961,153490404,6072,153484032
CYP2E1,ENSSSCG00000010780,14,1,153477961,153490404,6150,153484110
CYP2E1,ENSSSCG00000010780,14,1,153477961,153490404,6151,153484111
CYP2E1,ENSSSCG00000010780,14,1,153477961,153490404,6153,153484113
CYP2E1,ENSSSCG00000010780,14,1,153477961,153490404,6167,153484127
CYP2E1,ENSSSCG00000010780,14,1,153477961,153490404,6302,153484262
CYP2E1,ENSSSCG00000010780,14,1,153477961,153490404,6367,153484327
CYP2E1,ENSSSCG00000010780,14,1,153477961,153490404,6368,153484328
CYP2E1,ENSSSCG00000010780,14,1,153477961,153490404,6437,153484397
CYP2E1,ENSSSCG00000010780,14,1,153477961,153490404,6512,153484472
CYP2E1,ENSSSCG00000010780,14,1,153477961,153490404,6531,153484491
CYP2E1,ENSSSCG00000010780,14,1,153477961,153490404,6668,153484628
CYP2E1,ENSSSCG00000010780,14,1,153477961,153490404,6679,153484639
CYP2E1,ENSSSCG00000010780,14,1,153477961,153490404,6812,153484772
CYP2E1,ENSSSCG00000010780,14,1,153477961,153490404,6814,153484774
CYP2E1,ENSSSCG00000010780,14,1,153477961,153490404,6842,153484802
CYP2E1,ENSSSCG00000010780,14,1,153477961,153490404,7129,153485089
CYP2E1,ENSSSCG00000010780,14,1,153477961,153490404,7146,153485106
CYP2E1,ENSSSCG00000010780,14,1,153477961,153490404,7190,153485150
CYP2E1,ENSSSCG00000010780,14,1,153477961,153490404,7234,153485194
CYP2E1,ENSSSCG00000010780,14,1,153477961,153490404,7351,153485311
CYP2E1,ENSSSCG00000010780,14,1,153477961,153490404,7356,153485316
CYP2E1,ENSSSCG00000010780,14,1,153477961,153490404,7363,153485323
CYP2E1,ENSSSCG00000010780,14,1,153477961,153490404,7392,153485352
CYP2E1,ENSSSCG00000010780,14,1,153477961,153490404,7450,153485410
CYP2E1,ENSSSCG00000010780,14,1,153477961,153490404,7476,153485436
CYP2E1,ENSSSCG00000010780,14,1,153477961,153490404,7502,153485462
CYP2E1,ENSSSCG00000010780,14,1,153477961,153490404,7563,153485523
CYP2E1,ENSSSCG00000010780,14,1,153477961,153490404,7693,153485653
CYP2E1,ENSSSCG00000010780,14,1,153477961,153490404,7709,153485669
CYP2E1,ENSSSCG00000010780,14,1,153477961,153490404,7734,153485694
CYP2E1,ENSSSCG00000010780,14,1,153477961,153490404,7899,153485859
CYP2E1,ENSSSCG00000010780,14,1,153477961,153490404,7902,153485862
CYP2E1,ENSSSCG00000010780,14,1,153477961,153490404,8147,153486107
CYP2E1,ENSSSCG00000010780,14,1,153477961,153490404,8239,153486199
CYP2E1,ENSSSCG00000010780,14,1,153477961,153490404,8251,153486211
CYP2E1,ENSSSCG00000010780,14,1,153477961,153490404,8590,153486550
CYP2E1,ENSSSCG00000010780,14,1,153477961,153490404,8596,153486556
CYP2E1,ENSSSCG00000010780,14,1,153477961,153490404,8597,153486557
CYP2E1,ENSSSCG00000010780,14,1,153477961,153490404,8689,153486649
CYP2E1,ENSSSCG00000010780,14,1,153477961,153490404,8723,153486683
CYP2E1,ENSSSCG00000010780,14,1,153477961,153490404,8782,153486742
CYP2E1,ENSSSCG00000010780,14,1,153477961,153490404,8818,153486778
CYP2E1,ENSSSCG00000010780,14,1,153477961,153490404,8819,153486779
CYP2E1,ENSSSCG00000010780,14,1,153477961,153490404,8821,153486781
CYP2E1,ENSSSCG00000010780,14,1,153477961,153490404,8906,153486866
CYP2E1,ENSSSCG00000010780,14,1,153477961,153490404,8930,153486890
CYP2E1,ENSSSCG00000010780,14,1,153477961,153490404,8956,153486916
CYP2E1,ENSSSCG00000010780,14,1,153477961,153490404,9061,153487021
CYP2E1,ENSSSCG00000010780,14,1,153477961,153490404,9078,153487038
CYP2E1,ENSSSCG00000010780,14,1,153477961,153490404,9094,153487054
CYP2E1,ENSSSCG00000010780,14,1,153477961,153490404,9141,153487101
CYP2E1,ENSSSCG00000010780,14,1,153477961,153490404,9208,153487168
CYP2E1,ENSSSCG00000010780,14,1,153477961,153490404,9231,153487191
CYP2E1,ENSSSCG00000010780,14,1,153477961,153490404,9235,153487195
CYP2E1,ENSSSCG00000010780,14,1,153477961,153490404,9249,153487209
CYP2E1,ENSSSCG00000010780,14,1,153477961,153490404,9292,153487252
CYP2E1,ENSSSCG00000010780,14,1,153477961,153490404,9325,153487285
CYP2E1,ENSSSCG00000010780,14,1,153477961,153490404,9344,153487304
CYP2E1,ENSSSCG00000010780,14,1,153477961,153490404,9406,153487366
CYP2E1,ENSSSCG00000010780,14,1,153477961,153490404,9429,153487389
CYP2E1,ENSSSCG00000010780,14,1,153477961,153490404,9434,153487394
CYP2E1,ENSSSCG00000010780,14,1,153477961,153490404,9502,153487462
CYP2E1,ENSSSCG00000010780,14,1,153477961,153490404,9533,153487493
CYP2E1,ENSSSCG00000010780,14,1,153477961,153490404,9557,153487517
CYP2E1,ENSSSCG00000010780,14,1,153477961,153490404,9610,153487570
CYP2E1,ENSSSCG00000010780,14,1,153477961,153490404,9614,153487574
CYP2E1,ENSSSCG00000010780,14,1,153477961,153490404,9628,153487588
CYP2E1,ENSSSCG00000010780,14,1,153477961,153490404,9632,153487592
CYP2E1,ENSSSCG00000010780,14,1,153477961,153490404,9678,153487638
CYP2E1,ENSSSCG00000010780,14,1,153477961,153490404,9715,153487675
CYP2E1,ENSSSCG00000010780,14,1,153477961,153490404,9733,153487693
CYP2E1,ENSSSCG00000010780,14,1,153477961,153490404,9756,153487716
CYP2E1,ENSSSCG00000010780,14,1,153477961,153490404,9761,153487721
CYP2E1,ENSSSCG00000010780,14,1,153477961,153490404,9787,153487747
CYP2E1,ENSSSCG00000010780,14,1,153477961,153490404,9826,153487786
CYP2E1,ENSSSCG00000010780,14,1,153477961,153490404,9850,153487810
CYP2E1,ENSSSCG00000010780,14,1,153477961,153490404,9962,153487922
CYP2E1,ENSSSCG00000010780,14,1,153477961,153490404,9989,153487949
CYP2E1,ENSSSCG00000010780,14,1,153477961,153490404,10051,153488011
CYP2E1,ENSSSCG00000010780,14,1,153477961,153490404,10076,153488036
CYP2E1,ENSSSCG00000010780,14,1,153477961,153490404,10089,153488049
CYP2E1,ENSSSCG00000010780,14,1,153477961,153490404,10142,153488102
CYP2E1,ENSSSCG00000010780,14,1,153477961,153490404,10179,153488139
CYP2E1,ENSSSCG00000010780,14,1,153477961,153490404,10252,153488212
CYP2E1,ENSSSCG00000010780,14,1,153477961,153490404,10340,153488300
CYP2E1,ENSSSCG00000010780,14,1,153477961,153490404,10347,153488307
CYP2E1,ENSSSCG00000010780,14,1,153477961,153490404,10402,153488362
CYP2E1,ENSSSCG00000010780,14,1,153477961,153490404,10408,153488368
CYP2E1,ENSSSCG00000010780,14,1,153477961,153490404,10451,153488411
CYP2E1,ENSSSCG00000010780,14,1,153477961,153490404,10453,153488413
CYP2E1,ENSSSCG00000010780,14,1,153477961,153490404,10480,153488440
CYP2E1,ENSSSCG00000010780,14,1,153477961,153490404,10489,153488449
CYP2E1,ENSSSCG00000010780,14,1,153477961,153490404,10698,153488658
CYP2E1,ENSSSCG00000010780,14,1,153477961,153490404,10836,153488796
CYP2E1,ENSSSCG00000010780,14,1,153477961,153490404,10887,153488847
CYP2E1,ENSSSCG00000010780,14,1,153477961,153490404,10895,153488855
CYP2E1,ENSSSCG00000010780,14,1,153477961,153490404,10910,153488870
CYP2E1,ENSSSCG00000010780,14,1,153477961,153490404,10960,153488920
CYP2E1,ENSSSCG00000010780,14,1,153477961,153490404,10985,153488945
CYP2E1,ENSSSCG00000010780,14,1,153477961,153490404,10989,153488949
CYP2E1,ENSSSCG00000010780,14,1,153477961,153490404,11015,153488975
CYP2E1,ENSSSCG00000010780,14,1,153477961,153490404,11084,153489044
CYP2E1,ENSSSCG00000010780,14,1,153477961,153490404,11121,153489081
CYP2E1,ENSSSCG00000010780,14,1,153477961,153490404,11134,153489094
CYP2E1,ENSSSCG00000010780,14,1,153477961,153490404,11192,153489152
CYP2E1,ENSSSCG00000010780,14,1,153477961,153490404,11270,153489230
CYP2E1,ENSSSCG00000010780,14,1,153477961,153490404,11276,153489236
CYP2E1,ENSSSCG00000010780,14,1,153477961,153490404,11309,153489269
CYP2E1,ENSSSCG00000010780,14,1,153477961,153490404,11340,153489300
CYP2E1,ENSSSCG00000010780,14,1,153477961,153490404,11368,153489328
CYP2E1,ENSSSCG00000010780,14,1,153477961,153490404,11384,153489344
CYP2E1,ENSSSCG00000010780,14,1,153477961,153490404,11437,153489397
CYP2E1,ENSSSCG00000010780,14,1,153477961,153490404,11499,153489459
CYP2E1,ENSSSCG00000010780,14,1,153477961,153490404,11573,153489533
CYP2E1,ENSSSCG00000010780,14,1,153477961,153490404,11705,153489665
CYP2E1,ENSSSCG00000010780,14,1,153477961,153490404,11735,153489695
CYP2E1,ENSSSCG00000010780,14,1,153477961,153490404,11781,153489741
CYP2E1,ENSSSCG00000010780,14,1,153477961,153490404,11795,153489755
CYP2E1,ENSSSCG00000010780,14,1,153477961,153490404,11844,153489804
CYP2E1,ENSSSCG00000010780,14,1,153477961,153490404,11872,153489832
CYP2E1,ENSSSCG00000010780,14,1,153477961,153490404,11906,153489866
CYP2E1,ENSSSCG00000010780,14,1,153477961,153490404,11909,153489869
CYP2E1,ENSSSCG00000010780,14,1,153477961,153490404,11943,153489903
CYP2E1,ENSSSCG00000010780,14,1,153477961,153490404,11947,153489907
CYP2E1,ENSSSCG00000010780,14,1,153477961,153490404,12007,153489967
CYP2E1,ENSSSCG00000010780,14,1,153477961,153490404,12174,153490134
CYP2E1,ENSSSCG00000010780,14,1,153477961,153490404,12175,153490135
CYP2E1,ENSSSCG00000010780,14,1,153477961,153490404,12178,153490138
CYP2E1,ENSSSCG00000010780,14,1,153477961,153490404,12196,153490156
CYP2E1,ENSSSCG00000010780,14,1,153477961,153490404,12254,153490214
CYP2E1,ENSSSCG00000010780,14,1,153477961,153490404,12437,153490397
CYP2E1,ENSSSCG00000010780,14,1,153477961,153490404,12438,153490398
CYP2E1,ENSSSCG00000010780,14,1,153477961,153490404,12440,153490400
CYP11A1,ENSSSCG00000025273,GL893363.2,-1,159079,165974,187,165788
CYP11A1,ENSSSCG00000025273,GL893363.2,-1,159079,165974,411,165564
CYP11A1,ENSSSCG00000025273,GL893363.2,-1,159079,165974,464,165511
CYP11A1,ENSSSCG00000025273,GL893363.2,-1,159079,165974,518,165457
CYP11A1,ENSSSCG00000025273,GL893363.2,-1,159079,165974,535,165440
CYP11A1,ENSSSCG00000025273,GL893363.2,-1,159079,165974,700,165275
CYP11A1,ENSSSCG00000025273,GL893363.2,-1,159079,165974,722,165253
CYP11A1,ENSSSCG00000025273,GL893363.2,-1,159079,165974,746,165229
CYP11A1,ENSSSCG00000025273,GL893363.2,-1,159079,165974,747,165228
CYP11A1,ENSSSCG00000025273,GL893363.2,-1,159079,165974,796,165179
CYP11A1,ENSSSCG00000025273,GL893363.2,-1,159079,165974,899,165076
CYP11A1,ENSSSCG00000025273,GL893363.2,-1,159079,165974,930,165045
CYP11A1,ENSSSCG00000025273,GL893363.2,-1,159079,165974,970,165005
CYP11A1,ENSSSCG00000025273,GL893363.2,-1,159079,165974,1002,164973
CYP11A1,ENSSSCG00000025273,GL893363.2,-1,159079,165974,1213,164762
CYP11A1,ENSSSCG00000025273,GL893363.2,-1,159079,165974,1231,164744
CYP11A1,ENSSSCG00000025273,GL893363.2,-1,159079,165974,1249,164726
CYP11A1,ENSSSCG00000025273,GL893363.2,-1,159079,165974,1345,164630
CYP11A1,ENSSSCG00000025273,GL893363.2,-1,159079,165974,1354,164621
CYP11A1,ENSSSCG00000025273,GL893363.2,-1,159079,165974,1376,164599
CYP11A1,ENSSSCG00000025273,GL893363.2,-1,159079,165974,1384,164591
CYP11A1,ENSSSCG00000025273,GL893363.2,-1,159079,165974,1461,164514
CYP11A1,ENSSSCG00000025273,GL893363.2,-1,159079,165974,1569,164406
CYP11A1,ENSSSCG00000025273,GL893363.2,-1,159079,165974,1581,164394
CYP11A1,ENSSSCG00000025273,GL893363.2,-1,159079,165974,1611,164364
CYP11A1,ENSSSCG00000025273,GL893363.2,-1,159079,165974,1690,164285
CYP11A1,ENSSSCG00000025273,GL893363.2,-1,159079,165974,1710,164265
CYP11A1,ENSSSCG00000025273,GL893363.2,-1,159079,165974,1741,164234
CYP11A1,ENSSSCG00000025273,GL893363.2,-1,159079,165974,1874,164101
CYP11A1,ENSSSCG00000025273,GL893363.2,-1,159079,165974,1894,164081
CYP11A1,ENSSSCG00000025273,GL893363.2,-1,159079,165974,2043,163932
CYP11A1,ENSSSCG00000025273,GL893363.2,-1,159079,165974,2100,163875
CYP11A1,ENSSSCG00000025273,GL893363.2,-1,159079,165974,2117,163858
CYP11A1,ENSSSCG00000025273,GL893363.2,-1,159079,165974,2201,163774
CYP11A1,ENSSSCG00000025273,GL893363.2,-1,159079,165974,2439,163536
CYP11A1,ENSSSCG00000025273,GL893363.2,-1,159079,165974,2514,163461
CYP11A1,ENSSSCG00000025273,GL893363.2,-1,159079,165974,2647,163328
CYP11A1,ENSSSCG00000025273,GL893363.2,-1,159079,165974,2882,163093
CYP11A1,ENSSSCG00000025273,GL893363.2,-1,159079,165974,2888,163087
CYP11A1,ENSSSCG00000025273,GL893363.2,-1,159079,165974,2905,163070
CYP11A1,ENSSSCG00000025273,GL893363.2,-1,159079,165974,2910,163065
CYP11A1,ENSSSCG00000025273,GL893363.2,-1,159079,165974,2934,163041
CYP11A1,ENSSSCG00000025273,GL893363.2,-1,159079,165974,2941,163034
CYP11A1,ENSSSCG00000025273,GL893363.2,-1,159079,165974,3276,162699
CYP11A1,ENSSSCG00000025273,GL893363.2,-1,159079,165974,3351,162624
CYP11A1,ENSSSCG00000025273,GL893363.2,-1,159079,165974,3394,162581
CYP11A1,ENSSSCG00000025273,GL893363.2,-1,159079,165974,3503,162472
CYP11A1,ENSSSCG00000025273,GL893363.2,-1,159079,165974,3508,162467
CYP11A1,ENSSSCG00000025273,GL893363.2,-1,159079,165974,3538,162437
CYP11A1,ENSSSCG00000025273,GL893363.2,-1,159079,165974,3571,162404
CYP11A1,ENSSSCG00000025273,GL893363.2,-1,159079,165974,3621,162354
CYP11A1,ENSSSCG00000025273,GL893363.2,-1,159079,165974,3673,162302
CYP11A1,ENSSSCG00000025273,GL893363.2,-1,159079,165974,3828,162147
CYP11A1,ENSSSCG00000025273,GL893363.2,-1,159079,165974,3831,162144
CYP11A1,ENSSSCG00000025273,GL893363.2,-1,159079,165974,3857,162118
CYP11A1,ENSSSCG00000025273,GL893363.2,-1,159079,165974,3861,162114
CYP11A1,ENSSSCG00000025273,GL893363.2,-1,159079,165974,3883,162092
CYP11A1,ENSSSCG00000025273,GL893363.2,-1,159079,165974,3964,162011
CYP11A1,ENSSSCG00000025273,GL893363.2,-1,159079,165974,4013,161962
CYP11A1,ENSSSCG00000025273,GL893363.2,-1,159079,165974,4083,161892
CYP11A1,ENSSSCG00000025273,GL893363.2,-1,159079,165974,4196,161779
CYP11A1,ENSSSCG00000025273,GL893363.2,-1,159079,165974,4205,161770
CYP11A1,ENSSSCG00000025273,GL893363.2,-1,159079,165974,4391,161584
CYP11A1,ENSSSCG00000025273,GL893363.2,-1,159079,165974,4398,161577
CYP11A1,ENSSSCG00000025273,GL893363.2,-1,159079,165974,4410,161565
CYP11A1,ENSSSCG00000025273,GL893363.2,-1,159079,165974,4411,161564
CYP11A1,ENSSSCG00000025273,GL893363.2,-1,159079,165974,4422,161553
CYP11A1,ENSSSCG00000025273,GL893363.2,-1,159079,165974,4605,161370
CYP11A1,ENSSSCG00000025273,GL893363.2,-1,159079,165974,4620,161355
CYP11A1,ENSSSCG00000025273,GL893363.2,-1,159079,165974,4701,161274
CYP11A1,ENSSSCG00000025273,GL893363.2,-1,159079,165974,4703,161272
CYP11A1,ENSSSCG00000025273,GL893363.2,-1,159079,165974,4710,161265
CYP11A1,ENSSSCG00000025273,GL893363.2,-1,159079,165974,4759,161216
CYP11A1,ENSSSCG00000025273,GL893363.2,-1,159079,165974,4777,161198
CYP11A1,ENSSSCG00000025273,GL893363.2,-1,159079,165974,4805,161170
CYP11A1,ENSSSCG00000025273,GL893363.2,-1,159079,165974,4828,161147
CYP11A1,ENSSSCG00000025273,GL893363.2,-1,159079,165974,4848,161127
CYP11A1,ENSSSCG00000025273,GL893363.2,-1,159079,165974,5000,160975
CYP11A1,ENSSSCG00000025273,GL893363.2,-1,159079,165974,5407,160568
CYP11A1,ENSSSCG00000025273,GL893363.2,-1,159079,165974,5595,160380
CYP11A1,ENSSSCG00000025273,GL893363.2,-1,159079,165974,5761,160214
CYP11A1,ENSSSCG00000025273,GL893363.2,-1,159079,165974,5765,160210
CYP11A1,ENSSSCG00000025273,GL893363.2,-1,159079,165974,5861,160114
CYP11A1,ENSSSCG00000025273,GL893363.2,-1,159079,165974,5881,160094
CYP11A1,ENSSSCG00000025273,GL893363.2,-1,159079,165974,5890,160085
CYP11A1,ENSSSCG00000025273,GL893363.2,-1,159079,165974,5937,160038
CYP11A1,ENSSSCG00000025273,GL893363.2,-1,159079,165974,6211,159764
CYP11A1,ENSSSCG00000025273,GL893363.2,-1,159079,165974,6249,159726
CYP11A1,ENSSSCG00000025273,GL893363.2,-1,159079,165974,6330,159645
CYP11A1,ENSSSCG00000025273,GL893363.2,-1,159079,165974,6476,159499
CYP11A1,ENSSSCG00000025273,GL893363.2,-1,159079,165974,6604,159371
CYP11A1,ENSSSCG00000025273,GL893363.2,-1,159079,165974,6605,159370
CYP11A1,ENSSSCG00000025273,GL893363.2,-1,159079,165974,6728,159247
CYP11A1,ENSSSCG00000025273,GL893363.2,-1,159079,165974,6734,159241
CYP11A1,ENSSSCG00000025273,GL893363.2,-1,159079,165974,6891,159084
CYP11A1,ENSSSCG00000025273,GL893363.2,-1,159079,165974,6892,159083
